year,miles,price,owners,hp,torque,height,length,width,gclear,wheelb,ftrackw,rtrackw,cmpg,hmpg,body_Coupe,body_Hatchback,body_Pickup Truck,body_Sedan,body_Van Minivan,body_Wagon,interior_Brown,interior_Gray,interior_Red,interior_Tan,interior_White,tm_Manual,tm_Other,drive_4X4,drive_AWD,drive_RWD,fuel_Diesel,fuel_Electric,fuel_Flex Fuel,fuel_Gas/Electric Hybrid
2016,25357,18400,1,185,181,64.7,179.4,71.6,6.3,103.1,62.1,62.2,26,33,0,0,0,0,0,0,0,0,0,1,0,0,0,0,0,0,0,0,0,0
2017,21296,27500,1,295,270,68.6,200.1,77.2,6.5,114.2,65.7,65.7,20,27,0,0,0,0,0,0,0,0,0,0,0,0,1,0,0,0,0,0,0,0
2018,16428,16600,1,138,148,65.3,168.4,69.9,6.2,100.6,60.6,60.6,27,33,0,0,0,0,0,0,0,0,0,0,0,0,0,0,0,0,0,0,0,0
2018,14324,16700,1,125,115,62.4,169.1,69.3,7.0,103.1,59.8,60.4,31,36,0,0,0,0,0,0,0,0,0,0,0,0,0,0,0,0,0,0,0,0
2016,49463,21000,2,280,310,70.0,198.3,90.2,7.8,112.8,67.0,67.0,19,28,0,0,0,0,0,0,0,0,0,0,0,0,0,0,0,0,0,0,0,0
2017,21265,28280,1,235,258,64.8,182.3,83.9,6.9,104.7,62.2,62.2,22,28,0,0,0,0,0,1,0,0,0,0,0,0,0,0,0,0,0,0,0,0
2020,1390,23980,1,174,206,58.0,193.6,72.2,5.4,110.4,62.1,61.0,23,34,0,0,0,1,0,0,0,0,0,0,0,0,0,0,0,0,0,0,0,0
2019,9819,39900,1,248,258,58.2,194.6,83.7,5.7,117.1,63.0,64.2,24,34,0,0,0,1,0,0,0,0,0,0,0,0,0,0,0,1,0,0,0,0
2019,9194,20140,1,283,260,69.0,203.7,88.5,5.8,121.2,65.6,64.8,12,18,0,0,0,0,1,0,0,0,0,0,0,0,0,0,0,0,0,0,1,0
2017,15898,18000,1,192,271,57.5,191.1,73.2,5.1,110.0,63.0,64.0,39,46,0,0,0,1,0,0,0,0,0,0,0,0,0,0,0,0,0,0,0,1
2019,6278,20500,1,283,260,69.0,203.7,88.5,5.8,121.2,65.6,64.8,12,18,0,0,0,0,1,0,0,0,0,0,0,0,0,0,0,0,0,0,1,0
2019,5997,18300,1,122,114,62.4,169.1,69.3,7.0,103.1,59.8,60.4,31,36,0,0,0,0,0,0,0,0,0,0,0,0,1,0,0,0,0,0,0,0
2019,6549,20470,1,283,260,69.0,203.7,88.5,5.8,121.2,65.6,64.8,12,18,0,0,0,0,1,0,0,0,0,0,0,0,0,0,0,0,0,0,1,0
2017,33089,33400,1,295,267,67.7,192.5,74.6,8.2,109.8,64.4,64.0,20,27,0,0,0,0,0,0,0,0,0,0,0,0,0,0,0,0,0,0,0,0
2018,25803,34600,1,252,273,65.3,183.6,84.3,8.2,111.0,63.6,63.3,23,27,0,0,0,0,0,0,0,0,0,1,0,0,0,0,1,0,0,0,0,0
2018,6184,27600,1,190,179,66.1,180.6,73.0,7.8,104.7,63.0,63.7,28,34,0,0,0,0,0,0,0,1,0,0,0,0,0,0,0,0,0,0,0,0
2017,24739,19480,1,170,174,66.4,181.5,80.0,8.7,103.9,60.9,61.1,26,32,0,0,0,0,0,1,0,1,0,0,0,0,0,0,1,0,0,0,0,0
2018,15027,15680,1,125,115,62.4,169.1,69.3,7.0,103.1,59.8,60.4,31,36,0,0,0,0,0,1,0,0,0,0,0,0,0,0,0,0,0,0,0,0
2017,34975,20150,1,187,185,66.1,179.1,72.5,7.6,106.2,62.8,62.8,24,31,0,0,0,0,0,0,0,0,0,0,0,0,0,0,0,0,0,0,0,0
2017,20623,34980,2,295,267,67.7,192.5,74.6,8.2,109.8,64.4,64.0,20,27,0,0,0,0,0,0,0,0,0,0,0,0,0,0,0,0,0,0,0,0
2017,36350,26980,1,235,258,64.8,182.3,83.9,6.9,104.7,62.2,62.2,22,28,0,0,0,0,0,0,0,0,0,0,0,0,0,0,0,0,0,0,0,0
2016,19996,20980,1,245,275,68.6,188.1,85.8,7.9,112.2,64.8,64.7,20,30,0,0,0,0,0,0,0,0,0,1,0,0,0,0,0,0,0,0,0,0
2018,36685,29880,2,248,258,54.7,182.7,79.4,5.1,110.6,60.8,62.7,24,34,0,0,0,1,0,0,0,0,0,0,0,0,0,0,0,1,0,0,0,0
2019,33287,27250,1,250,310,69.0,199.4,77.5,8.8,115.3,65.3,65.2,20,26,0,0,0,0,0,0,0,0,0,0,0,0,0,0,1,0,0,0,0,0
2019,27294,19140,1,283,260,66.6,192.4,83.7,7.2,113.8,61.8,62.3,16,24,0,0,0,0,0,0,0,0,0,0,0,0,0,0,1,0,0,0,0,0
2018,13722,31800,1,280,306,66.0,184.6,74.9,8.1,111.0,63.5,65.0,22,28,0,0,0,0,0,0,0,0,0,0,0,0,0,0,1,0,0,0,0,0
2019,32901,33900,1,365,350,71.0,198.3,90.2,8.3,112.8,67.0,67.0,16,22,0,0,0,0,0,0,0,0,0,0,0,0,0,1,0,0,0,0,0,0
2019,8235,37400,1,248,258,66.0,185.9,84.2,8.0,112.8,63.8,64.4,23,30,0,0,0,0,0,0,0,0,0,0,0,0,0,0,0,1,0,0,0,0
2019,28795,27700,1,310,266,69.9,204.3,89.3,7.7,120.9,67.3,67.0,18,26,0,0,0,0,0,0,0,1,0,0,0,0,0,0,0,0,0,0,0,0
2017,71696,15060,1,185,178,66.5,187.4,74.4,7.3,109.4,64.3,64.7,21,28,0,0,0,0,0,0,0,0,0,0,0,0,0,0,0,0,0,0,0,0
2018,15262,29500,1,280,306,66.0,184.6,74.9,8.1,111.0,63.5,65.0,22,28,0,0,0,0,0,0,0,0,0,0,0,0,0,0,1,0,0,0,0,0
2018,17346,29100,1,280,306,66.0,184.6,74.9,8.1,111.0,63.5,65.0,22,28,0,0,0,0,0,1,0,0,0,0,0,0,0,0,1,0,0,0,0,0
2019,37077,27370,1,250,310,69.0,199.4,77.5,8.8,115.3,65.3,65.2,20,26,0,0,0,0,0,0,0,0,0,1,0,0,0,0,1,0,0,0,0,0
2019,34143,25300,1,296,263,70.7,200.6,78.1,6.5,119.3,67.7,67.7,19,27,0,0,0,0,1,0,0,1,0,0,0,0,0,0,0,0,0,0,0,0
2019,40200,26120,1,310,266,69.9,204.3,89.3,7.7,120.9,67.3,67.0,18,26,0,0,0,0,0,0,0,1,0,0,0,0,0,0,0,0,0,0,0,0
2019,29434,27600,1,250,310,69.0,199.4,77.5,8.8,115.3,65.3,65.2,20,26,0,0,0,0,0,0,0,0,0,0,0,0,0,0,1,0,0,0,0,0
2018,14944,29900,1,280,306,66.0,184.6,74.9,8.1,111.0,63.5,65.0,22,28,0,0,0,0,0,0,0,0,0,0,0,0,0,0,1,0,0,0,0,0
2017,28357,19540,1,187,185,66.1,179.1,72.5,7.6,106.2,62.8,62.8,24,31,0,0,0,0,0,0,0,0,0,0,0,0,0,0,0,0,0,0,0,0
2018,10773,32800,1,280,306,66.0,184.6,74.9,8.1,111.0,63.5,65.0,22,28,0,0,0,0,0,1,0,0,1,0,0,0,0,0,1,0,0,0,0,0
2019,10117,29680,1,208,258,58.8,173.9,79.6,5.3,106.3,61.4,60.8,24,33,0,0,0,0,0,0,0,0,0,0,0,0,0,0,0,0,0,0,0,0
2018,19530,29900,1,280,306,66.0,184.6,74.9,8.1,111.0,63.5,65.0,22,28,0,0,0,0,0,1,0,0,0,0,0,0,0,0,1,0,0,0,0,0
2018,13324,31300,1,280,306,66.0,184.6,74.9,8.1,111.0,63.5,65.0,22,28,0,0,0,0,0,0,0,0,0,0,0,0,0,0,1,0,0,0,0,0
2017,46680,32000,1,295,267,67.7,192.5,74.6,8.2,109.8,64.4,64.0,20,27,0,0,0,0,0,0,0,0,0,0,0,0,0,0,0,0,0,0,0,0
2017,46355,28500,1,248,258,58.2,194.6,83.7,5.7,117.1,63.0,63.9,24,34,0,0,0,1,0,0,0,0,0,0,0,0,0,0,0,1,0,0,0,0
2019,13418,22670,1,185,178,66.1,187.8,74.4,7.3,108.9,64.7,65.0,21,27,0,0,0,0,0,0,0,0,0,0,0,0,0,0,1,0,0,0,0,0
2019,14240,17460,1,185,178,58.1,191.1,73.4,5.3,110.4,63.5,63.8,26,35,0,0,0,1,0,0,0,1,0,0,0,0,0,0,0,0,0,0,0,0
2019,16595,22400,1,185,178,66.1,187.8,74.4,7.3,108.9,64.7,65.0,21,27,0,0,0,0,0,0,0,1,0,0,0,0,0,0,1,0,0,0,0,0
2019,21426,18100,2,179,177,66.3,178.1,81.8,7.9,105.9,61.5,61.6,23,30,0,0,0,0,0,0,0,1,0,0,0,0,0,0,0,0,0,0,0,0
2019,15467,41700,2,270,295,73.6,188.4,73.8,10.0,118.4,62.9,62.9,22,24,0,0,0,0,0,0,0,0,0,0,0,0,0,1,0,0,0,0,0,0
2019,28627,42770,1,290,267,67.4,196.2,77.7,7.3,111.0,66.3,66.3,19,26,0,0,0,0,0,0,1,0,0,0,0,0,0,0,1,0,0,0,0,0
2019,15414,24450,2,152,145,63.6,175.8,79.0,8.7,104.9,61.0,61.2,27,33,0,0,0,0,0,1,0,0,0,0,0,0,0,0,1,0,0,0,0,0
2018,18298,32800,1,280,306,66.0,184.6,74.9,8.1,111.0,63.5,65.0,22,28,0,0,0,0,0,1,0,0,0,0,0,0,0,0,1,0,0,0,0,0
2019,38483,26140,1,310,266,69.9,204.3,89.3,7.7,120.9,67.3,67.0,18,26,0,0,0,0,0,0,0,1,0,0,0,0,0,0,0,0,0,0,0,0
2017,39868,33170,1,335,332,58.2,194.6,83.7,5.7,117.1,63.0,63.9,20,30,0,0,0,1,0,0,0,0,0,0,0,0,0,0,0,1,0,0,0,0
2018,19333,30890,1,280,306,66.0,184.6,74.9,8.1,111.0,63.5,65.0,22,28,0,0,0,0,0,0,0,0,0,0,0,0,0,0,1,0,0,0,0,0
2017,24327,14700,1,109,210,63.0,163.0,70.9,5.9,101.2,62.0,62.4,120,92,0,0,0,0,0,0,0,1,0,0,0,0,0,0,0,0,0,1,0,0
2019,20411,29400,1,185,178,67.1,187.8,74.4,7.3,108.9,64.7,65.0,22,29,0,0,0,0,0,0,0,1,0,0,0,0,0,0,0,0,0,0,0,0
2019,14459,28120,1,181,175,65.0,176.4,72.8,6.4,105.1,63.3,63.8,21,26,0,0,0,0,0,0,0,0,0,0,0,0,0,0,1,0,0,0,0,0
2017,25444,14800,1,109,210,63.0,163.0,70.9,5.9,101.2,62.0,62.4,120,92,0,0,0,0,0,0,0,1,0,0,0,0,0,0,0,0,0,1,0,0
2017,36002,18000,1,164,151,65.0,176.2,72.8,6.4,105.1,63.3,63.8,23,30,0,0,0,0,0,0,0,0,0,1,0,0,0,0,0,0,0,0,0,0
2017,20807,20600,1,290,253,57.9,195.7,73.6,5.4,112.4,63.3,63.6,20,28,0,0,0,1,0,0,0,0,0,1,0,0,0,0,0,0,0,0,0,0
2017,45594,16700,1,118,215,57.1,176.0,71.7,5.5,106.3,61.2,61.8,150,122,0,1,0,0,0,0,0,1,0,0,0,0,0,0,0,0,0,1,0,0
2017,39475,30100,1,248,258,58.2,194.6,83.7,5.7,117.1,63.0,63.9,24,34,0,0,0,1,0,0,0,0,0,0,0,0,0,0,0,1,0,0,0,0
2018,18800,31200,1,280,306,66.0,184.6,74.9,8.1,111.0,63.5,65.0,22,28,0,0,0,0,0,0,0,0,0,0,0,0,0,0,1,0,0,0,0,0
2018,12221,31500,1,280,306,66.0,184.6,74.9,8.1,111.0,63.5,65.0,22,28,0,0,0,0,0,1,0,0,0,0,0,0,0,0,1,0,0,0,0,0
2017,31054,31900,1,248,258,58.2,194.6,83.7,5.7,117.1,63.0,63.9,24,34,0,0,0,1,0,0,1,0,0,0,0,0,0,0,0,1,0,0,0,0
2017,37821,27010,1,295,270,68.6,200.1,77.2,6.5,114.2,65.7,65.7,20,27,0,0,0,0,0,0,0,0,0,0,0,0,1,0,0,0,0,0,0,0
2019,12796,23900,1,184,221,66.3,185.1,72.4,7.9,109.8,62.2,61.8,22,29,0,0,0,0,0,0,0,0,0,0,0,0,0,0,0,0,0,0,0,0
2018,45599,22000,1,200,207,62.6,172.8,79.5,6.7,102.5,61.1,61.2,20,28,0,0,0,0,0,0,0,0,0,0,0,0,0,0,0,0,0,0,0,0
2017,29309,29350,1,295,270,68.6,200.1,77.2,6.5,114.2,65.7,65.7,19,26,0,0,0,0,0,0,0,0,0,0,0,0,1,0,1,0,0,0,0,0
2017,27232,21320,1,325,267,62.7,186.8,71.0,6.9,113.4,60.4,61.0,17,24,0,0,0,0,0,0,0,0,0,1,0,0,0,0,0,1,0,0,0,0
2018,14937,32100,1,252,273,65.3,183.6,84.3,8.2,111.0,63.6,63.3,23,27,0,0,0,0,0,0,0,0,0,0,0,0,0,0,1,0,0,0,0,0
2017,38561,20810,1,325,267,62.7,186.8,71.0,6.9,113.4,60.4,61.0,17,24,0,0,0,0,0,0,0,0,0,0,0,0,0,0,0,1,0,0,0,0
2017,20325,23100,1,208,258,59.4,174.2,82.0,6.8,106.3,61.9,61.9,24,33,0,0,0,0,0,0,0,0,0,1,0,0,0,0,0,0,0,0,0,0
2017,46220,28230,2,295,270,68.6,200.1,77.2,6.5,114.2,65.7,65.7,19,26,0,0,0,0,0,0,1,0,0,0,0,0,1,0,1,0,0,0,0,0
2018,24280,22280,1,208,258,59.5,174.2,82.0,6.8,106.3,61.9,61.9,24,33,0,0,0,0,0,0,0,0,0,0,0,0,0,0,0,0,0,0,0,0
2017,40439,26330,1,295,270,68.6,200.1,77.2,6.5,114.2,65.7,65.7,20,27,0,0,0,0,0,0,0,0,0,0,0,0,0,0,0,0,0,0,0,0
2017,37742,27160,1,295,270,68.6,200.1,77.2,6.5,114.2,65.7,65.7,20,27,0,0,0,0,0,0,0,0,0,0,0,0,1,0,0,0,0,0,0,0
2017,33638,21130,1,325,267,62.7,186.8,71.0,6.9,113.4,60.4,61.0,17,24,0,0,0,0,0,0,0,0,0,0,0,0,0,0,0,1,0,0,0,0
2019,10196,23400,1,184,221,66.3,185.1,72.4,7.9,109.8,62.2,61.8,22,29,0,0,0,0,0,0,0,0,0,0,0,0,0,0,0,0,0,0,0,0
2017,44112,25790,1,295,270,68.6,200.1,77.2,6.5,114.2,65.7,65.7,20,27,0,0,0,0,0,0,0,1,0,0,0,0,0,0,0,0,0,0,0,0
2018,12550,28000,1,280,306,66.0,184.6,74.9,8.1,111.0,63.5,65.0,22,28,0,0,0,0,0,0,1,0,0,0,0,0,0,0,1,0,0,0,0,0
2019,3299,20850,1,283,260,69.0,203.7,88.5,5.8,121.2,65.6,64.8,12,18,0,0,0,0,1,0,0,0,0,0,0,0,0,0,0,0,0,0,1,0
2017,14106,23200,1,245,275,68.6,188.1,85.8,7.9,112.2,64.8,64.7,20,29,0,0,0,0,0,0,0,0,0,0,0,0,0,0,0,0,0,0,0,0
2019,10621,16490,1,185,178,58.1,191.1,73.4,5.3,110.4,63.5,63.8,26,35,0,0,0,1,0,0,0,1,0,0,0,0,0,0,0,0,0,0,0,0
2019,10921,16690,1,185,178,58.1,191.1,73.4,5.3,110.4,63.5,63.8,26,35,0,0,0,1,0,0,0,0,0,0,0,0,0,0,0,0,0,0,0,0
2018,21381,15290,1,138,148,66.0,167.6,69.9,6.2,100.6,60.6,60.6,25,33,0,0,0,0,0,0,0,0,0,0,0,0,0,0,0,0,0,0,0,0
2019,19398,30880,1,235,258,64.8,182.3,83.9,6.9,104.7,62.2,62.2,22,28,0,0,0,0,0,0,0,0,0,0,0,0,0,0,0,0,0,0,0,0
2017,34743,23460,1,245,275,68.7,188.1,85.8,8.0,112.2,64.8,64.7,20,27,0,0,0,0,0,0,0,0,0,0,1,0,0,0,1,0,0,0,0,0
2018,17745,32500,1,280,306,66.0,184.6,74.9,8.1,111.0,63.5,65.0,22,28,0,0,0,0,0,0,0,0,1,0,0,0,0,0,1,0,0,0,0,0
2018,19130,30280,1,280,306,66.0,184.6,74.9,8.1,111.0,63.5,65.0,22,28,0,0,0,0,0,1,0,0,0,0,0,0,0,0,1,0,0,0,0,0
2018,28405,30200,2,280,306,66.0,184.6,74.9,8.1,111.0,63.5,65.0,22,28,0,0,0,0,0,0,0,0,0,0,0,0,0,0,1,0,0,0,0,0
2018,20714,32700,1,280,306,66.0,184.6,74.9,8.1,111.0,63.5,65.0,22,28,0,0,0,0,0,1,0,0,0,0,0,0,0,0,1,0,0,0,0,0
2017,51592,23720,1,295,270,68.6,200.1,77.2,6.5,114.2,65.7,65.7,20,27,0,0,0,0,0,0,0,0,0,0,0,0,0,0,0,0,0,0,0,0
2019,11764,24100,1,170,175,68.0,184.5,72.4,7.8,106.5,62.8,62.8,26,33,0,0,0,0,0,0,1,0,0,0,0,0,1,0,0,0,0,0,0,0
2017,54037,24600,1,295,270,68.6,200.1,77.2,6.5,114.2,65.7,65.7,20,27,0,0,0,0,0,0,0,0,0,1,0,0,0,0,0,0,0,0,0,0
2017,15681,16340,1,141,147,62.5,172.4,72.3,7.4,104.2,62.4,62.2,25,32,0,0,0,0,0,0,0,0,0,0,0,0,1,0,0,0,0,0,0,0
2017,36033,24110,1,250,310,69.0,199.4,77.5,8.8,115.3,65.3,65.2,22,28,0,0,0,0,0,0,0,0,0,0,0,0,0,0,0,0,0,0,0,0
2017,17767,16810,1,141,147,62.5,172.4,72.3,7.4,104.2,62.4,62.2,25,32,0,0,0,0,0,1,0,0,0,0,0,0,0,0,0,0,0,0,0,0
2019,2782,17560,1,185,178,57.7,191.1,73.2,5.3,110.4,63.5,63.8,24,33,0,0,0,1,0,0,0,0,0,0,0,0,0,0,0,0,0,0,0,0
2017,38332,20380,1,170,174,68.2,181.5,80.0,8.7,103.9,60.9,61.1,26,32,0,0,0,0,0,0,0,1,0,0,0,0,1,0,1,0,0,0,0,0
2020,15746,21980,1,161,150,65.0,176.4,72.8,6.4,105.1,63.3,63.8,22,25,0,0,0,0,0,0,0,0,0,0,0,0,0,0,1,0,0,0,0,0
2020,14477,19580,1,161,150,64.8,176.4,72.8,6.4,105.1,63.3,63.8,23,28,0,0,0,0,0,0,0,1,0,0,0,0,0,0,0,0,0,0,0,0
2020,7898,20980,1,161,150,64.8,176.4,72.8,6.4,105.1,63.3,63.8,23,28,0,0,0,0,0,0,0,1,0,0,0,0,0,0,0,0,0,0,0,0
2020,11383,19980,1,161,150,64.8,176.4,72.8,6.4,105.1,63.3,63.8,23,28,0,0,0,0,0,0,0,1,0,0,0,0,0,0,0,0,0,0,0,0
2017,14474,26100,1,290,253,57.9,195.7,73.6,5.4,112.4,63.1,63.4,20,28,0,0,0,1,0,0,1,0,0,0,0,0,0,0,0,0,0,0,0,0
2017,28738,19010,1,141,147,63.3,172.4,72.3,7.4,104.2,62.4,62.2,24,30,0,0,0,0,0,1,0,0,0,0,0,0,0,0,1,0,0,0,0,0
2019,14425,16720,1,185,178,57.7,191.1,73.2,5.3,110.4,63.5,63.8,24,33,0,0,0,1,0,0,1,0,0,0,0,0,0,0,0,0,0,0,0,0
2017,44156,17800,1,181,175,65.2,176.4,73.0,6.4,105.1,63.5,64.0,22,29,0,0,0,0,0,0,0,0,0,0,0,0,0,0,0,0,0,0,0,0
2018,19901,23760,1,290,252,66.5,187.4,74.4,7.3,109.4,64.1,64.5,18,25,0,0,0,0,0,0,0,0,0,0,0,0,0,0,0,0,0,0,0,0
2017,16439,33130,1,248,258,58.2,194.6,83.7,5.7,117.1,63.0,63.9,24,34,0,0,0,1,0,0,0,0,0,1,0,0,0,0,0,1,0,0,0,0
2019,10140,29500,1,189,207,61.3,169.8,78.9,6.5,105.1,61.6,61.7,23,32,0,0,0,0,0,0,0,0,0,0,0,0,0,0,0,0,0,0,0,0
2017,15707,34200,1,300,300,66.1,183.6,82.2,8.0,110.6,62.8,63.4,19,26,0,0,0,0,0,0,0,0,0,0,0,0,0,0,1,0,0,0,0,0
2018,29496,13760,1,138,148,64.9,167.6,69.9,6.2,100.6,60.6,60.6,25,33,0,0,0,0,0,0,0,0,0,0,0,0,0,0,0,0,0,0,0,0
2018,12000,16200,1,138,148,66.0,167.6,69.9,6.2,100.6,60.6,60.6,25,33,0,0,0,0,0,0,0,0,0,0,0,0,0,0,0,0,0,0,0,0
2018,17877,28130,1,280,306,66.0,184.6,74.9,8.1,111.0,63.5,65.0,22,28,0,0,0,0,0,0,0,0,0,0,0,0,0,0,1,0,0,0,0,0
2019,12548,38910,2,255,273,55.3,184.5,79.4,3.5,111.8,61.5,60.9,22,31,1,0,0,0,0,0,0,0,0,0,0,0,0,0,0,1,0,0,0,0
2017,30687,20440,1,176,172,67.1,183.5,72.6,6.1,104.7,61.8,61.8,23,30,0,0,0,0,0,0,0,0,0,0,0,0,0,0,0,0,0,0,0,0
2019,25101,19310,1,185,178,66.3,189.0,74.4,7.3,109.4,64.3,64.7,22,29,0,0,0,0,0,0,0,0,0,0,0,0,0,0,0,0,0,0,0,0
2019,4042,20390,1,186,186,56.9,183.5,70.7,5.5,107.3,61.7,62.2,27,36,0,0,0,1,0,0,0,0,0,0,0,0,0,0,0,0,0,0,0,0
2019,14684,34600,1,250,310,69.0,199.4,77.5,8.8,115.3,65.3,65.2,22,28,0,0,0,0,0,0,0,0,0,0,0,0,0,0,0,0,0,0,0,0
2017,40013,19210,1,184,185,57.1,191.5,72.4,6.7,111.4,62.8,62.4,26,35,0,0,0,1,0,0,0,0,0,0,0,0,0,0,0,0,0,0,0,0
2015,56955,14000,4,180,171,65.7,182.0,73.2,8.7,106.3,62.0,61.9,22,31,0,0,0,0,0,0,0,0,0,0,0,0,0,0,0,0,0,0,0,0
2019,32997,28410,1,276,266,70.0,198.3,78.3,8.0,117.3,67.2,67.8,17,24,0,0,0,0,0,0,0,0,0,0,0,0,0,0,0,0,0,0,0,0
2019,10657,31830,1,260,240,67.8,192.8,75.4,6.9,111.2,64.6,64.6,20,28,0,0,0,0,0,0,0,0,0,0,0,0,0,0,0,0,0,0,0,0
2017,34926,13760,1,109,210,63.0,163.0,70.9,5.9,101.2,62.0,62.4,120,92,0,0,0,0,0,0,0,1,0,0,0,0,0,0,0,0,0,1,0,0
2017,30006,17540,1,185,178,66.1,185.0,74.0,7.3,106.3,64.3,64.7,21,27,0,0,0,0,0,0,0,1,0,0,0,0,0,0,0,0,0,0,0,0
2017,20109,15980,1,181,175,65.2,176.4,73.0,6.4,105.1,63.5,64.0,22,29,0,0,0,0,0,0,0,0,0,0,0,0,0,0,0,0,0,0,0,0
2019,24317,19980,1,185,178,66.5,189.0,74.4,7.3,109.4,64.3,64.7,22,29,0,0,0,0,0,0,0,0,0,0,0,0,0,0,0,0,0,0,0,0
2019,8985,32270,1,296,263,70.7,200.6,78.1,6.5,119.3,67.7,67.7,19,27,0,0,0,0,1,0,0,1,0,0,0,0,0,0,0,0,0,0,0,0
2019,30884,16270,1,148,145,64.8,171.9,71.3,8.5,105.1,60.6,60.6,23,29,0,0,0,0,0,1,0,0,0,0,0,0,0,0,1,0,0,0,0,0
2019,25413,16830,1,148,145,64.8,171.9,71.3,8.5,105.1,60.6,60.6,23,29,0,0,0,0,0,0,0,0,0,0,0,0,1,0,1,0,0,0,0,0
2019,37024,15880,1,148,145,64.8,171.9,71.3,8.5,105.1,60.6,60.6,23,29,0,0,0,0,0,1,0,0,0,0,0,0,0,0,1,0,0,0,0,0
2019,29445,18920,1,283,260,66.6,192.4,83.7,7.2,113.8,61.8,62.3,16,24,0,0,0,0,0,0,0,0,0,0,0,0,0,0,1,0,0,0,0,0
2019,21075,23130,1,170,203,65.4,182.3,72.4,7.9,107.3,62.3,62.5,24,28,0,0,0,0,0,0,0,0,0,0,0,0,0,0,1,0,0,0,0,0
2018,12881,27340,1,280,306,66.0,184.6,74.9,8.1,111.0,63.5,65.0,22,28,0,0,0,0,0,0,0,0,0,0,0,0,0,0,1,0,0,0,0,0
2018,19993,28810,1,280,306,66.0,184.6,74.9,8.1,111.0,63.5,65.0,22,28,0,0,0,0,0,0,0,0,0,0,0,0,0,0,1,0,0,0,0,0
2017,11956,17740,3,170,199,58.3,179.6,70.8,5.5,103.5,61.0,59.8,25,34,0,0,0,0,0,1,0,0,0,0,0,0,0,0,0,0,0,0,0,0
2018,24075,29300,1,280,306,66.0,184.6,74.9,8.1,111.0,63.5,65.0,22,28,0,0,0,0,0,0,0,0,0,0,0,0,0,0,1,0,0,0,0,0
2016,45344,20900,2,281,266,69.9,203.7,78.5,7.2,118.9,67.3,67.1,15,22,0,0,0,0,0,0,0,1,0,0,0,0,0,0,0,0,0,0,0,0
2019,40869,14700,1,148,145,64.8,171.9,71.3,8.5,105.1,60.6,60.6,24,30,0,0,0,0,0,0,0,0,0,0,0,0,1,0,0,0,0,0,0,0
2019,43783,16830,1,283,260,66.6,192.4,83.7,7.2,113.8,61.8,62.3,17,25,0,0,0,0,0,0,0,0,0,0,0,0,0,0,0,0,0,0,0,0
2020,20216,44010,1,355,383,74.4,204.0,80.5,7.9,116.0,68.7,68.7,15,22,0,0,0,0,0,0,0,0,0,0,0,0,0,0,0,1,0,0,0,0
2016,71184,14820,2,180,171,65.7,182.0,73.2,8.7,106.3,62.0,61.9,22,31,0,0,0,0,0,0,0,0,0,0,0,0,0,0,0,0,0,0,0,0
2019,20511,23740,1,184,221,66.3,185.1,72.4,7.9,109.8,62.2,61.8,21,29,0,0,0,0,0,0,0,0,0,0,0,0,0,0,1,0,0,0,0,0
2018,21856,24680,1,200,207,62.6,172.8,79.5,6.7,102.5,61.1,61.2,20,28,0,0,0,0,0,0,0,0,0,0,0,0,0,0,0,0,0,0,0,0
2017,34822,20950,1,325,267,62.7,186.8,71.0,6.9,113.4,60.4,61.0,17,24,0,0,0,0,0,0,0,0,0,0,0,0,0,0,0,1,0,0,0,0
2017,36656,27330,1,295,270,68.6,200.1,77.2,6.5,114.2,65.7,65.7,19,26,0,0,0,0,0,0,0,0,0,0,0,0,1,0,1,0,0,0,0,0
2017,28675,29280,1,360,403,59.1,196.1,72.6,6.0,114.2,62.0,61.8,28,33,0,0,0,1,0,0,0,0,0,0,0,0,0,0,0,1,0,0,0,1
2017,32894,21730,1,325,267,62.7,186.8,71.0,6.9,113.4,60.4,61.0,17,24,0,0,0,0,0,0,0,0,0,0,0,0,0,0,0,1,0,0,0,0
2017,30847,20890,1,325,267,62.7,186.8,71.0,6.9,113.4,60.4,61.0,17,24,0,0,0,0,0,0,0,0,0,0,0,0,0,0,0,1,0,0,0,0
2017,39513,27180,1,295,270,68.6,200.1,77.2,6.5,114.2,65.7,65.7,20,27,0,0,0,0,0,0,0,0,0,0,0,0,0,0,0,0,0,0,0,0
2017,41127,26380,1,295,270,68.6,200.1,77.2,6.5,114.2,65.7,65.7,20,27,0,0,0,0,0,0,0,0,0,0,0,0,1,0,0,0,0,0,0,0
2017,33995,20560,1,208,258,59.4,174.2,82.0,6.8,106.3,61.9,61.9,24,33,0,0,0,0,0,0,0,0,0,0,0,0,0,0,0,0,0,0,0,0
2017,30185,27030,1,295,270,68.6,200.1,77.2,6.5,114.2,65.7,65.7,20,27,0,0,0,0,0,0,0,0,0,0,0,0,1,0,0,0,0,0,0,0
2017,29618,27100,1,295,270,68.6,200.1,77.2,6.5,114.2,65.7,65.7,20,27,0,0,0,0,0,0,0,0,0,0,0,0,1,0,0,0,0,0,0,0
2017,39090,26830,1,295,270,68.6,200.1,77.2,6.5,114.2,65.7,65.7,20,27,0,0,0,0,0,0,0,0,0,0,0,0,1,0,0,0,0,0,0,0
2018,18692,28220,1,280,306,66.0,184.6,74.9,8.1,111.0,63.5,65.0,22,28,0,0,0,0,0,0,0,0,0,0,0,0,0,0,1,0,0,0,0,0
2018,18742,28610,1,280,306,66.0,184.6,74.9,8.1,111.0,63.5,65.0,22,28,0,0,0,0,0,0,0,0,0,0,0,0,0,0,1,0,0,0,0,0
2017,42115,22250,1,303,278,66.2,190.0,86.1,7.8,112.2,64.8,64.7,17,25,0,0,0,0,0,0,0,0,0,0,0,0,0,0,0,0,0,0,0,0
2019,7866,35110,1,276,266,70.0,198.3,78.3,8.0,117.3,67.2,67.8,17,24,0,0,0,0,0,0,0,0,0,0,0,0,0,0,0,0,0,0,0,0
2017,23434,40050,1,295,267,67.7,192.5,74.6,8.2,109.8,64.4,64.0,19,26,0,0,0,0,0,0,0,0,0,1,0,0,0,0,1,0,0,0,0,0
2020,938,15660,1,147,132,63.0,165.2,70.9,6.7,102.4,62.0,62.4,25,31,0,0,0,0,0,0,0,0,0,0,0,1,0,0,0,0,0,0,0,0
2017,13702,35130,1,295,267,67.7,192.5,74.6,8.2,109.8,64.4,64.0,20,27,0,0,0,0,0,0,0,0,0,0,0,0,0,0,0,0,0,0,0,0
2018,21085,31780,1,280,306,66.0,184.6,74.9,8.1,111.0,63.5,65.0,22,28,0,0,0,0,0,0,0,0,1,0,0,0,0,0,1,0,0,0,0,0
2017,33436,24000,1,280,310,70.0,198.3,90.2,7.8,112.8,67.0,67.0,19,27,0,0,0,0,0,0,0,0,0,0,0,0,0,0,0,0,0,0,0,0
2017,26513,29600,1,290,267,67.4,196.2,77.7,7.3,111.0,66.3,66.3,19,27,0,0,0,0,0,0,0,0,0,0,0,0,0,0,0,0,0,0,0,0
2017,19782,22840,1,187,185,66.1,179.1,72.5,7.6,106.2,62.8,62.8,24,31,0,0,0,0,0,0,0,0,0,0,0,0,0,0,0,0,0,0,0,0
2017,21554,20320,1,187,185,66.1,179.1,72.5,7.6,106.2,62.8,62.8,24,31,0,0,0,0,0,0,0,0,0,0,0,0,0,0,0,0,0,0,0,0
2017,24029,17870,1,118,215,57.1,176.0,71.7,5.5,106.3,61.2,61.8,150,122,0,1,0,0,0,0,0,0,0,0,0,0,0,0,0,0,0,1,0,0
2019,8246,16760,1,147,132,56.5,182.7,70.9,5.3,106.3,61.0,61.3,30,40,0,0,0,1,0,0,0,0,0,0,0,0,0,0,0,0,0,0,0,0
2019,46018,19010,1,180,171,65.7,182.0,73.2,8.7,106.2,62.2,61.9,22,31,0,0,0,0,0,0,0,0,0,0,0,0,0,0,0,0,0,0,0,0
2019,47018,18220,1,175,174,59.0,189.1,81.3,5.9,108.3,62.2,62.8,25,34,0,0,0,1,0,0,0,0,0,0,0,0,1,0,1,0,0,0,0,0
2017,50138,20980,1,300,261,56.5,192.8,73.2,5.3,109.3,62.4,62.4,21,30,0,0,0,1,0,0,0,0,0,0,0,0,0,0,0,0,0,0,0,0
2017,45216,18910,1,187,185,66.1,179.1,72.5,7.6,106.2,62.8,62.8,24,31,0,0,0,0,0,0,0,0,0,0,0,0,0,0,0,0,0,0,0,0
2019,1886,33110,1,260,240,67.8,192.8,75.4,6.9,111.2,64.6,64.6,20,28,0,0,0,0,0,0,0,0,0,0,0,0,0,0,0,0,0,0,0,0
2017,28923,25460,1,295,270,68.6,200.1,77.2,6.5,114.2,65.7,65.7,20,27,0,0,0,0,0,0,0,0,0,0,0,0,1,0,0,0,0,0,0,0
2019,17563,38240,3,255,273,55.3,184.5,79.4,3.5,111.8,61.5,60.9,22,31,1,0,0,0,0,0,0,0,0,0,0,0,0,0,0,1,0,0,0,0
2019,34525,24900,1,275,260,82.4,237.6,97.4,6.0,147.6,68.2,68.6,14,18,0,0,0,0,1,0,0,1,0,0,0,0,0,0,0,1,0,0,0,0
2019,35197,24900,1,275,260,82.4,237.6,97.4,6.0,147.6,68.2,68.6,14,18,0,0,0,0,1,0,0,1,0,0,0,0,0,0,0,1,0,0,0,0
2019,15395,47650,1,295,267,67.7,192.5,74.6,8.2,109.8,64.4,64.0,19,26,0,0,0,0,0,0,1,0,0,0,0,0,0,0,1,0,0,0,0,0
2019,18368,26900,1,296,263,70.7,200.6,78.1,6.5,119.3,67.7,67.7,19,27,0,0,0,0,1,0,0,1,0,0,0,0,0,0,0,0,0,0,0,0
2019,30542,19600,1,185,178,66.5,189.0,74.4,7.3,109.4,64.3,64.7,22,29,0,0,0,0,0,0,0,0,0,0,0,0,0,0,0,0,0,0,0,0
2019,42255,13570,1,161,150,63.5,163.0,70.9,5.9,101.2,61.7,62.2,25,30,0,1,0,0,0,0,0,0,0,0,0,0,0,0,0,0,0,0,0,0
2018,43233,17820,1,185,178,66.5,187.4,74.4,7.3,109.4,64.3,64.7,21,28,0,0,0,0,0,0,0,0,0,0,0,0,0,0,0,0,0,0,0,0
2019,40659,14940,1,185,178,57.7,191.1,73.2,5.3,110.4,63.5,63.8,24,33,0,0,0,1,0,0,0,0,0,0,0,0,0,0,0,0,0,0,0,0
2018,35937,25480,1,185,184,68.1,192.5,75.8,8.0,109.8,64.4,64.2,20,24,0,0,0,0,0,0,0,0,0,0,0,0,0,0,0,0,0,0,0,0
2019,9374,44200,1,320,330,55.3,182.7,79.4,5.7,110.6,61.0,62.9,21,31,0,0,0,1,0,0,0,0,0,0,0,0,0,0,1,0,0,0,0,0
2017,27577,16730,1,170,199,57.2,167.5,70.8,5.4,103.8,61.0,59.8,25,35,0,1,0,0,0,0,0,0,0,0,0,0,0,0,0,0,0,0,0,0
2019,23329,26960,1,270,295,65.7,182.0,73.2,8.7,106.2,62.2,61.9,23,31,0,0,0,0,0,0,0,0,0,0,0,0,0,0,0,0,0,0,0,0
2017,34521,22960,1,271,239,65.7,182.0,73.2,8.7,106.3,62.2,61.9,21,29,0,0,0,0,0,0,0,0,0,0,0,0,0,0,0,0,0,0,0,0
2019,29265,18580,1,283,260,66.6,192.4,83.7,7.2,113.8,61.8,62.3,16,24,0,0,0,0,0,0,0,0,0,0,0,0,0,0,1,0,0,0,0,0
2018,12084,28620,1,280,306,66.0,184.6,74.9,8.1,111.0,63.5,65.0,22,28,0,0,0,0,0,0,0,0,1,0,0,0,0,0,1,0,0,0,0,0
2019,35380,13620,1,161,150,63.5,163.0,70.9,5.9,101.2,61.7,62.2,25,30,0,0,0,0,0,1,0,0,0,0,0,0,0,0,0,0,0,0,0,0
2019,30413,41070,1,355,383,74.4,204.0,80.5,7.9,116.0,68.7,68.7,15,22,0,0,0,0,0,0,0,0,0,0,0,0,0,0,0,1,0,0,0,0
2019,47053,14790,1,185,178,57.7,191.1,73.2,5.3,110.4,63.5,63.8,24,33,0,0,0,1,0,0,0,0,0,0,0,0,0,0,0,0,0,0,0,0
2019,39862,14930,1,185,178,57.7,191.1,73.2,5.3,110.4,63.5,63.8,24,33,0,0,0,1,0,0,0,0,0,0,0,0,0,0,0,0,0,0,0,0
2019,26493,28220,1,295,270,68.6,200.6,77.2,6.5,114.2,65.7,65.7,20,27,0,0,0,0,0,0,0,0,0,0,0,0,0,0,0,0,0,0,0,0
2017,42695,35360,2,290,267,67.4,196.2,77.7,7.3,111.0,66.3,66.3,18,26,0,0,0,0,0,0,0,0,0,0,0,0,0,0,1,0,0,0,0,0
2018,34109,21470,1,187,186,66.2,179.1,72.5,7.5,106.2,62.8,62.8,25,31,0,0,0,0,0,0,0,0,0,0,0,0,0,0,0,0,0,0,0,0
2019,7823,21930,1,187,186,66.2,179.1,83.3,7.5,106.2,62.8,62.8,25,31,0,0,0,0,0,0,0,0,0,0,0,0,0,0,0,0,0,0,0,0
2018,14569,21500,1,175,195,65.0,176.2,72.8,6.4,105.1,63.1,63.6,24,28,0,0,0,0,0,0,0,1,0,0,0,0,0,0,1,0,0,0,0,0
2019,4788,33480,1,250,310,66.1,179.1,83.3,7.5,106.2,62.8,62.8,22,27,0,0,0,0,0,0,0,0,0,0,0,0,0,0,1,0,0,0,0,0
2017,42548,31100,1,180,318,65.0,186.3,85.6,8.4,113.2,64.6,65.1,26,33,0,0,0,0,0,0,0,0,0,0,0,0,0,0,1,0,1,0,0,0
2019,15614,28740,1,250,258,57.1,200.1,79.5,6.0,120.5,64.1,64.1,23,35,0,0,0,1,0,0,0,0,0,0,0,0,0,0,0,0,0,0,0,0
2017,45117,25250,1,295,270,68.6,200.1,77.2,6.5,114.2,65.7,65.7,20,27,0,0,0,0,0,0,0,0,0,0,0,0,0,0,0,0,0,0,0,0
2017,40280,17170,1,141,147,62.5,172.4,72.3,7.4,104.2,62.4,62.2,25,32,0,0,0,0,0,0,0,0,0,0,0,0,1,0,0,0,0,0,0,0
2017,36470,21460,1,208,258,58.1,174.2,82.0,6.1,106.3,62.0,62.0,24,33,0,0,0,0,0,0,0,0,0,0,0,0,0,0,0,0,0,0,0,0
2017,30977,27070,1,295,270,68.6,200.1,77.2,6.5,114.2,65.7,65.7,20,27,0,0,0,0,0,0,0,1,0,0,0,0,1,0,0,0,0,0,0,0
2017,34070,21080,1,325,267,62.7,186.8,71.0,6.9,113.4,60.4,61.0,17,24,0,0,0,0,0,1,0,0,0,0,0,0,0,0,0,1,0,0,0,0
2017,19611,21900,1,208,258,58.1,174.2,82.0,6.1,106.3,62.0,62.0,24,33,0,0,0,0,0,1,0,0,0,0,0,0,0,0,0,0,0,0,0,0
2017,13172,23090,1,208,258,58.1,174.2,82.0,6.1,106.3,62.0,62.0,24,33,0,0,0,0,0,1,0,0,0,0,0,0,0,0,0,0,0,0,0,0
2019,11653,34800,1,248,258,66.0,185.9,84.2,8.0,112.8,63.8,64.4,23,30,0,0,0,0,0,0,0,0,0,0,0,0,0,0,0,1,0,0,0,0
2018,23735,15840,1,138,148,65.3,168.4,69.9,6.2,100.6,60.6,60.6,27,33,0,0,0,0,0,0,0,0,0,0,0,0,0,0,0,0,0,0,0,0
2019,21018,26700,1,203,184,67.0,180.9,73.0,8.4,105.9,63.0,63.7,25,33,0,0,0,0,0,0,0,1,0,0,0,0,0,0,1,0,0,0,0,0
2017,15668,36200,1,345,369,57.5,195.7,82.7,4.5,118.0,64.4,65.1,17,24,0,0,0,1,0,0,0,0,0,0,0,0,0,0,0,1,0,0,0,0
2017,15673,35440,1,345,369,57.5,195.7,82.7,4.5,118.0,64.4,65.1,17,24,0,0,0,1,0,0,0,0,0,0,0,0,0,0,0,1,0,0,0,0
2017,24101,35300,1,345,369,57.5,195.7,82.7,4.5,118.0,64.4,65.1,17,24,0,0,0,1,0,0,0,0,0,1,0,0,0,0,0,1,0,0,0,0
2017,21854,35600,1,345,369,57.5,195.7,82.7,4.5,118.0,64.4,65.1,17,24,0,0,0,1,0,0,1,0,0,0,0,0,0,0,0,1,0,0,0,0
2017,25133,34300,1,345,369,57.5,195.7,82.7,4.5,118.0,64.4,65.1,17,24,0,0,0,1,0,0,0,0,0,0,0,0,0,0,0,1,0,0,0,0
2017,25221,38300,1,404,406,57.5,195.7,82.7,4.5,118.0,64.4,65.1,16,24,0,0,0,1,0,0,0,0,0,0,0,0,0,0,0,1,0,0,0,0
2017,31892,38220,1,400,413,75.8,208.9,79.9,9.2,121.1,67.5,67.9,14,20,0,0,0,0,0,0,0,0,0,0,0,0,0,0,0,1,0,0,0,0
2019,32265,45520,1,362,369,72.8,202.0,84.3,8.5,121.1,65.2,65.9,16,22,0,0,0,0,0,0,0,0,0,0,0,0,0,0,1,0,0,0,0,0
2017,32852,26420,1,295,270,68.6,200.1,77.2,6.5,114.2,65.7,65.7,20,27,0,0,0,0,0,0,0,0,0,0,0,0,1,0,0,0,0,0,0,0
2017,42921,24710,1,295,270,68.6,200.1,77.2,6.5,114.2,65.7,65.7,19,26,0,0,0,0,0,0,0,0,0,0,0,0,0,0,1,0,0,0,0,0
2017,31064,20250,1,208,258,59.4,174.2,82.0,6.8,106.3,61.9,61.9,24,33,0,0,0,0,0,1,0,0,0,0,0,0,0,0,0,0,0,0,0,0
2017,30001,25660,1,295,270,68.6,200.1,77.2,6.5,114.2,65.7,65.7,20,27,0,0,0,0,0,0,0,0,0,0,0,0,0,0,0,0,0,0,0,0
2017,28127,26990,1,295,270,68.6,200.1,77.2,6.5,114.2,65.7,65.7,20,27,0,0,0,0,0,0,0,1,0,0,0,0,0,0,0,0,0,0,0,0
2017,31705,21540,1,208,258,58.1,174.2,82.0,6.1,106.3,62.0,62.0,24,33,0,0,0,0,0,1,0,0,0,0,0,0,0,0,0,0,0,0,0,0
2017,24310,23400,1,325,267,62.7,186.8,71.0,6.9,113.4,60.4,61.0,17,24,0,0,0,0,0,1,0,0,0,0,0,0,0,0,0,1,0,0,0,0
2017,45059,25320,1,295,270,68.6,200.1,77.2,6.5,114.2,65.7,65.7,20,27,0,0,0,0,0,0,0,0,0,1,0,0,0,0,0,0,0,0,0,0
2017,35580,25920,1,295,270,68.6,200.1,77.2,6.5,114.2,65.7,65.7,20,27,0,0,0,0,0,0,0,0,0,1,0,0,0,0,0,0,0,0,0,0
2017,19197,14360,1,109,210,63.0,163.0,70.9,5.9,101.2,62.0,62.4,120,92,0,0,0,0,0,0,0,1,0,0,0,0,0,0,0,0,0,1,0,0
2018,54849,16400,1,175,174,59.0,189.1,81.3,5.9,108.3,62.2,62.8,25,34,0,0,0,1,0,0,0,0,0,0,0,0,1,0,1,0,0,0,0,0
2017,19951,34540,1,295,267,67.7,192.5,74.6,8.2,109.8,64.4,64.0,20,27,0,0,0,0,0,0,0,0,0,0,0,0,0,0,0,0,0,0,0,0
2019,14734,26660,1,184,221,66.3,185.1,72.4,7.9,109.8,62.2,61.8,22,29,0,0,0,0,0,0,0,0,0,1,0,0,0,0,0,0,0,0,0,0
2018,43428,25580,1,200,207,62.6,172.8,79.5,6.7,102.5,61.1,61.2,20,28,0,0,0,0,0,0,1,0,0,0,0,0,0,0,1,0,0,0,0,0
2017,11942,13540,1,150,184,57.2,183.3,70.0,5.2,104.4,60.4,60.3,28,38,0,0,0,1,0,0,0,0,0,0,0,0,0,0,0,0,0,0,0,0
2017,40370,32900,1,333,325,57.8,194.2,82.1,4.6,114.6,64.1,63.7,21,29,0,0,0,1,0,0,0,0,0,0,0,0,0,0,1,0,0,0,0,0
2017,30647,14450,1,168,170,66.3,178.1,81.8,7.9,105.9,61.5,61.6,21,29,0,0,0,0,0,0,0,0,0,0,0,0,0,0,0,0,0,0,0,0
2019,25584,17120,1,245,275,66.3,178.1,81.8,7.9,105.9,61.5,61.6,22,29,0,0,0,0,0,0,0,1,0,0,0,0,0,0,0,0,0,0,0,0
2019,38194,18510,1,180,175,64.8,173.0,80.0,8.2,103.8,60.7,60.3,22,31,0,0,0,0,0,0,0,0,0,0,0,0,0,0,0,0,0,0,0,0
2018,41123,19600,1,180,175,64.8,173.0,80.0,8.5,103.8,60.7,60.3,22,30,0,0,0,0,0,0,0,0,0,0,0,0,0,1,0,0,0,0,0,0
2019,28491,26980,1,276,266,70.0,198.3,78.3,8.0,117.3,67.2,67.8,17,24,0,0,0,0,0,0,0,0,0,0,0,0,0,0,0,0,0,0,0,0
2019,39669,22940,1,275,260,82.4,237.6,97.4,6.0,147.6,68.2,68.6,14,18,0,0,0,0,1,0,0,1,0,0,0,0,0,0,0,1,0,0,0,0
2017,7209,35720,1,295,267,67.7,192.5,74.6,8.2,109.8,64.4,64.0,20,27,0,0,0,0,0,0,0,1,0,0,0,0,0,0,0,0,0,0,0,0
2019,43828,33680,1,390,394,75.8,208.9,79.9,9.2,121.1,67.5,67.9,13,18,0,0,0,0,0,0,0,0,0,0,0,0,0,1,0,0,0,0,0,0
2019,26208,17150,1,283,260,69.0,203.7,88.5,5.8,121.2,65.6,64.8,12,18,0,0,0,0,1,0,0,0,0,0,0,0,0,0,0,0,0,0,1,0
2019,7939,19980,1,134,214,57.2,168.1,70.8,5.0,103.5,60.8,59.5,126,111,0,1,0,0,0,0,0,0,0,0,0,0,0,0,0,0,0,1,0,0
2017,32799,31660,1,295,267,67.7,192.5,74.6,8.2,109.8,64.4,64.0,20,27,0,0,0,0,0,0,0,0,0,0,0,0,0,0,0,0,0,0,0,0
2017,32789,25700,1,295,270,68.6,200.1,77.2,6.5,114.2,65.7,65.7,20,27,0,0,0,0,0,0,0,0,0,0,0,0,1,0,0,0,0,0,0,0
2017,26248,20600,1,325,267,62.7,186.8,71.0,6.9,113.4,60.4,61.0,17,24,0,0,0,0,0,0,0,0,0,0,0,0,0,0,0,1,0,0,0,0
2019,17380,15830,1,185,178,58.1,191.1,73.4,5.3,110.4,63.5,63.8,26,35,0,0,0,1,0,0,0,1,0,0,0,0,0,0,0,0,0,0,0,0
2017,32367,14700,1,138,148,65.3,168.4,69.9,6.2,100.6,60.6,60.6,25,33,0,0,0,0,0,0,0,0,0,0,0,0,0,0,0,0,0,0,0,0
2017,47628,14090,2,179,177,66.3,178.1,81.8,7.9,105.9,61.5,61.6,23,30,0,0,0,0,0,0,0,0,0,0,0,0,0,0,0,0,0,0,0,0
2019,3360,31660,1,290,253,57.9,195.7,73.6,5.4,112.4,63.1,63.4,20,27,0,0,0,1,0,0,0,0,0,0,0,0,0,0,0,0,0,0,0,0
2019,17261,15910,1,185,178,58.1,191.1,73.4,5.3,110.4,63.5,63.8,26,35,0,0,0,1,0,0,0,1,0,0,0,0,0,0,0,0,0,0,0,0
2018,20390,36620,1,252,273,65.3,183.6,84.3,8.2,111.0,63.6,63.3,23,27,0,0,0,0,0,0,0,0,0,0,0,0,0,0,1,0,0,0,0,0
2019,5218,49040,1,295,267,67.7,192.5,74.6,8.2,109.8,64.4,64.0,19,26,0,0,0,0,0,0,0,0,0,0,0,0,0,0,1,0,0,0,0,0
2017,22593,12780,1,150,184,57.2,183.3,70.0,5.2,104.4,60.4,60.3,28,38,0,0,0,1,0,0,0,0,0,0,0,0,0,0,0,0,0,0,0,0
2018,17167,29210,1,280,306,66.0,184.6,74.9,8.1,111.0,63.5,65.0,22,28,0,0,0,0,0,1,0,0,1,0,0,0,0,0,1,0,0,0,0,0
2017,17597,21830,1,208,258,58.1,174.2,82.0,6.1,106.3,62.0,62.0,24,33,0,0,0,0,0,0,0,0,0,0,0,0,0,0,0,0,0,0,0,0
2017,43686,25440,1,295,270,68.6,200.1,77.2,6.5,114.2,65.7,65.7,20,27,0,0,0,0,0,0,0,1,0,0,0,0,1,0,0,0,0,0,0,0
2018,29873,21740,1,208,258,59.5,174.2,82.0,6.8,106.3,61.9,61.9,24,33,0,0,0,0,0,1,0,0,0,0,0,0,0,0,0,0,0,0,0,0
2017,41423,19370,1,325,267,62.7,186.8,71.0,6.9,113.4,60.4,61.0,17,24,0,0,0,0,0,1,0,0,0,0,0,0,0,0,0,1,0,0,0,0
2017,31335,26160,1,295,270,68.6,200.1,77.2,6.5,114.2,65.7,65.7,20,27,0,0,0,0,0,0,0,0,0,0,0,0,0,0,0,0,0,0,0,0
2017,32252,21550,1,325,267,62.7,186.8,71.0,6.9,113.4,60.4,61.0,17,24,0,0,0,0,0,1,0,0,0,0,0,0,0,0,0,1,0,0,0,0
2017,48698,19000,1,325,267,62.7,186.8,71.0,6.9,113.4,60.4,61.0,17,24,0,0,0,0,0,1,0,0,0,0,0,0,0,0,0,1,0,0,0,0
2017,42947,25410,1,295,270,68.6,200.1,77.2,6.5,114.2,65.7,65.7,20,27,0,0,0,0,0,0,0,0,0,0,0,0,0,0,0,0,0,0,0,0
2018,15442,30480,1,280,306,66.0,184.6,74.9,8.1,111.0,63.5,65.0,22,28,0,0,0,0,0,1,0,0,0,0,0,0,0,0,1,0,0,0,0,0
2019,26123,28830,1,295,260,69.3,189.8,84.8,8.6,114.7,63.9,64.1,18,25,0,0,0,0,0,0,0,0,0,0,0,0,0,1,0,0,0,0,0,0
2017,27814,20170,1,187,185,66.1,179.1,72.5,7.6,106.2,62.8,62.8,24,31,0,0,0,0,0,0,0,0,0,0,0,0,0,0,0,0,0,0,0,0
2019,35636,25630,1,310,266,69.9,204.3,89.3,7.7,120.9,67.3,67.0,18,26,0,0,0,0,0,0,0,1,0,0,0,0,0,0,0,0,0,0,0,0
2019,29204,16340,1,174,184,58.5,191.9,72.2,5.4,110.4,62.1,61.0,25,36,0,0,0,1,0,0,0,0,0,0,0,0,0,0,0,0,0,0,0,0
2019,27387,18810,1,283,260,66.6,192.4,83.7,7.2,113.8,61.8,62.3,16,24,0,0,0,0,0,0,0,0,0,0,0,0,1,0,1,0,0,0,0,0
2019,28320,31770,1,310,271,66.0,189.5,75.0,7.8,112.5,64.4,64.4,19,26,0,0,0,0,0,0,0,0,0,0,0,0,0,0,0,0,0,0,0,0
2019,26014,20660,1,284,259,70.6,198.5,77.2,7.0,114.2,65.7,65.7,20,27,0,0,0,0,0,0,0,0,0,0,0,0,1,0,0,0,0,0,0,0
2018,9892,29250,1,280,306,66.0,184.6,74.9,8.1,111.0,63.5,65.0,22,28,0,0,0,0,0,0,0,0,0,0,0,0,0,0,1,0,0,0,0,0
2018,32797,26000,1,280,306,66.0,184.6,74.9,8.1,111.0,63.5,65.0,22,28,0,0,0,0,0,1,0,0,0,0,0,0,0,0,1,0,0,0,0,0
2017,42309,25420,1,295,270,68.6,200.1,77.2,6.5,114.2,65.7,65.7,20,27,0,0,0,0,0,0,0,0,0,0,0,0,0,0,0,0,0,0,0,0
2019,28332,27870,1,295,270,68.6,200.6,77.2,6.5,114.2,65.7,65.7,20,27,0,0,0,0,0,0,0,0,0,0,0,0,0,0,0,0,0,0,0,0
2017,44473,32530,2,345,369,57.5,195.7,82.7,4.5,118.0,64.4,65.1,17,24,0,0,0,1,0,0,0,0,0,0,0,0,0,0,0,1,0,0,0,0
2019,10425,41350,1,295,267,67.7,192.5,74.6,8.2,109.8,64.4,64.0,20,27,0,0,0,0,0,0,0,1,0,0,0,0,0,0,0,0,0,0,0,0
2018,20538,26510,1,280,306,66.0,184.6,74.9,8.1,111.0,63.5,65.0,22,28,0,0,0,0,0,1,0,0,0,0,0,0,0,0,1,0,0,0,0,0
2018,14398,25680,1,280,306,66.0,184.6,74.9,8.1,111.0,63.5,65.0,22,28,0,0,0,0,0,1,0,0,0,0,0,0,0,0,1,0,0,0,0,0
2019,36897,20550,1,170,203,65.4,182.3,72.4,7.9,107.3,62.3,62.5,24,28,0,0,0,0,0,0,0,0,0,0,0,0,0,0,1,0,0,0,0,0
2017,17809,28900,1,295,270,68.6,200.1,77.2,6.5,114.2,65.7,65.7,19,26,0,0,0,0,0,0,0,0,0,0,0,0,1,0,1,0,0,0,0,0
2017,29972,26630,1,295,270,68.6,200.1,77.2,6.5,114.2,65.7,65.7,20,27,0,0,0,0,0,0,0,0,0,0,0,0,0,0,0,0,0,0,0,0
2017,32220,23080,1,303,278,66.2,190.0,86.1,7.8,112.2,64.8,64.7,17,25,0,0,0,0,0,0,0,0,0,1,0,0,0,0,0,0,0,0,0,0
2017,48580,16510,1,118,215,57.1,176.0,71.7,5.5,106.3,61.2,61.8,150,122,0,1,0,0,0,0,0,0,0,0,0,0,0,0,0,0,0,1,0,0
2015,14466,19800,1,280,250,68.6,188.1,85.8,7.9,112.2,64.8,64.7,18,26,0,0,0,0,0,0,0,0,0,1,0,0,0,0,0,0,0,0,0,0
2018,5392,33500,1,280,306,66.0,184.6,74.9,8.1,111.0,63.5,65.0,22,28,0,0,0,0,0,0,1,0,0,0,0,0,0,0,1,0,0,0,0,0
2018,22064,30400,1,280,306,66.0,184.6,74.9,8.1,111.0,63.5,65.0,22,28,0,0,0,0,0,0,0,0,0,0,0,0,0,0,1,0,0,0,0,0
2017,19037,26500,2,240,260,66.1,183.6,82.2,8.0,110.6,62.8,63.4,21,28,0,0,0,0,0,0,1,0,0,0,0,0,0,0,0,1,0,0,0,0
2016,15778,15100,1,173,154,57.1,171.3,70.1,5.5,106.3,61.3,61.8,25,33,0,1,0,0,0,0,0,0,0,0,0,0,0,0,0,0,0,0,0,0
2020,363,35600,1,201,291,61.2,164.6,70.9,6.2,102.4,61.6,62.0,132,108,0,0,0,0,0,0,0,0,0,0,0,0,0,0,0,0,0,1,0,0
2017,23017,27900,1,220,258,65.2,182.6,82.2,7.9,110.5,63.7,63.5,20,27,0,0,0,0,0,0,0,0,0,0,0,0,0,0,1,0,0,0,0,0
2017,31932,26820,1,295,270,68.6,200.1,77.2,6.5,114.2,65.7,65.7,20,27,0,0,0,0,0,0,0,0,0,1,0,0,1,0,0,0,0,0,0,0
2017,14881,16630,1,170,184,58.5,191.9,72.2,5.4,110.4,62.1,61.0,23,34,0,0,0,1,0,0,0,0,0,1,0,0,0,0,0,0,0,0,0,0
2018,4483,34100,1,280,306,66.0,184.6,74.9,8.1,111.0,63.5,65.0,22,28,0,0,0,0,0,0,0,0,0,0,0,0,0,0,1,0,0,0,0,0
2017,31089,33960,1,295,267,67.7,192.5,74.6,8.2,109.8,64.4,64.0,20,27,0,0,0,0,0,0,0,0,0,0,0,0,0,0,0,0,0,0,0,0
2017,34988,24600,1,208,258,60.0,173.9,79.6,5.3,106.3,60.9,60.8,23,31,0,0,0,0,0,0,0,0,0,0,0,0,0,0,1,0,0,0,0,0
2018,20069,32180,2,279,252,65.0,184.4,73.7,8.1,105.7,63.1,63.4,19,27,0,0,0,0,0,0,0,1,0,0,0,0,0,0,1,0,0,0,0,0
2018,21408,23230,1,300,264,58.7,198.6,75.0,5.0,120.2,63.4,63.8,19,30,0,0,0,1,0,0,0,0,0,0,0,0,0,0,0,1,0,0,0,0
2015,55184,20750,3,308,265,65.7,190.3,75.2,7.0,110.5,63.8,63.4,17,24,0,0,0,0,0,0,0,1,0,0,0,0,0,0,0,0,0,0,0,0
2018,7569,27980,1,268,258,58.1,180.9,70.7,4.9,104.3,60.2,60.6,18,24,0,0,0,1,0,0,0,0,0,0,0,0,1,0,1,0,0,0,0,0
2017,41234,20380,1,208,258,59.4,174.2,82.0,6.8,106.3,61.9,61.9,24,33,0,0,0,0,0,1,0,0,0,1,0,0,0,0,0,0,0,0,0,0
2018,18378,24800,1,200,207,62.6,172.8,79.5,6.7,102.5,61.1,61.2,20,28,0,0,0,0,0,0,0,0,0,0,0,0,0,0,0,0,0,0,0,0
2017,20616,16630,1,170,199,57.2,167.5,70.8,5.4,103.8,61.0,59.8,25,35,0,1,0,0,0,0,0,0,0,0,0,0,0,0,0,0,0,0,0,0
2018,55554,20500,1,200,207,62.6,172.8,79.5,6.7,102.5,61.1,61.2,20,28,0,0,0,0,0,0,0,0,0,0,0,0,0,0,0,0,0,0,0,0
2018,29069,27100,1,200,207,62.6,172.8,79.5,6.7,102.5,61.1,61.2,20,28,0,0,0,0,0,0,1,0,0,0,0,0,0,0,0,0,0,0,0,0
2017,24375,34200,1,345,369,57.5,195.7,82.7,4.5,118.0,64.4,65.1,17,24,0,0,0,1,0,0,0,0,0,0,0,0,0,0,0,1,0,0,0,0
2018,21559,17330,1,147,132,61.6,164.0,70.9,6.7,102.4,61.5,61.9,27,33,0,0,0,0,0,0,0,1,0,0,0,0,0,0,0,0,0,0,0,0
2019,12025,28330,1,188,221,56.9,179.1,78.4,4.3,107.4,61.7,60.9,24,35,0,0,0,1,0,0,0,0,0,0,0,0,0,0,0,0,0,0,0,0
2017,20599,15830,1,152,145,57.3,182.1,70.0,5.1,105.1,60.6,60.8,28,38,0,0,0,1,0,0,0,0,0,0,0,0,1,0,1,0,0,0,0,0
2017,32637,32750,1,295,267,67.7,192.5,74.6,8.2,109.8,64.4,64.0,20,27,0,0,0,0,0,0,0,0,0,0,0,0,0,0,0,0,0,0,0,0
2018,16089,28710,1,280,306,66.0,184.6,74.9,8.1,111.0,63.5,65.0,22,28,0,0,0,0,0,1,0,0,0,0,0,0,0,0,1,0,0,0,0,0
2019,22483,25700,1,296,263,70.7,200.6,78.1,6.5,119.3,67.7,67.7,19,27,0,0,0,0,1,0,0,1,0,0,0,0,0,0,0,0,0,0,0,0
2018,14523,27870,1,208,258,54.9,184.4,80.8,4.9,112.2,61.2,62.2,22,30,1,0,0,0,0,0,0,0,0,0,0,0,0,0,0,1,0,0,0,0
2018,9602,31350,1,235,258,64.8,182.3,83.9,6.9,104.7,62.2,62.2,22,28,0,0,0,0,0,0,0,0,1,0,0,0,0,0,0,0,0,0,0,0
2019,26467,23300,1,292,260,59.2,198.6,75.0,4.8,120.2,63.4,63.8,18,27,0,0,0,1,0,0,0,0,0,0,0,0,0,0,1,0,0,0,0,0
2018,16070,31570,1,279,252,65.0,184.4,73.7,8.1,105.7,63.1,63.4,20,28,0,0,0,0,0,0,0,0,0,0,0,0,0,0,0,0,0,0,0,0
2019,8802,41720,1,248,273,65.3,183.6,84.3,8.2,111.0,63.6,63.3,22,27,0,0,0,0,0,0,0,0,0,0,0,0,0,0,1,0,0,0,0,0
2017,20302,35900,1,295,267,67.7,192.5,74.6,8.2,109.8,64.4,64.0,20,27,0,0,0,0,0,0,0,0,0,0,0,0,0,0,0,0,0,0,0,0
2019,30140,15970,1,185,178,57.7,191.1,73.2,5.3,110.4,63.5,63.8,24,33,0,0,0,1,0,0,0,0,0,0,0,0,0,0,0,0,0,0,0,0
2017,41981,17980,1,178,170,57.9,190.9,71.7,6.1,109.3,62.4,62.0,24,33,0,0,0,1,0,0,0,0,0,0,0,0,0,0,0,0,0,0,0,0
2019,5031,21200,1,152,145,58.9,175.6,79.4,5.1,105.1,60.6,60.8,28,36,0,0,0,0,0,1,0,0,0,0,0,0,0,0,1,0,0,0,0,0
2018,15075,30400,1,280,306,66.0,184.6,74.9,8.1,111.0,63.5,65.0,22,28,0,0,0,0,0,0,0,0,0,0,0,0,0,0,1,0,0,0,0,0
2017,33991,20000,1,175,174,59.0,188.8,81.3,5.9,108.3,62.2,62.8,25,34,0,0,0,1,0,0,0,0,0,1,0,0,0,0,1,0,0,0,0,0
2017,44943,27200,1,290,267,67.4,196.2,77.7,7.3,111.0,66.3,66.3,19,27,0,0,0,0,0,0,0,0,0,0,0,0,0,0,0,0,0,0,0,0
2018,44833,20400,1,175,174,59.0,189.1,81.3,5.9,108.3,62.2,62.8,25,34,0,0,0,1,0,0,0,0,0,0,0,0,0,0,1,0,0,0,0,0
2017,36462,25400,2,290,252,66.5,193.1,74.2,7.3,110.2,64.1,64.5,17,23,0,0,0,0,0,0,0,1,0,0,0,0,0,0,0,0,0,0,0,0
2017,20171,22160,1,325,267,62.7,186.8,71.0,6.9,113.4,60.4,61.0,17,24,0,0,0,0,0,1,0,0,0,0,0,0,0,0,0,1,0,0,0,0
2019,9886,19800,1,180,171,65.7,182.0,73.2,8.7,106.2,62.2,61.9,22,31,0,0,0,0,0,0,0,0,0,0,0,0,0,0,0,0,0,0,0,0
2019,12811,37200,1,295,263,70.1,192.5,75.8,8.0,109.8,64.4,64.2,19,26,0,0,0,0,0,0,0,0,0,1,0,0,0,0,1,0,0,0,0,0
2019,13310,19640,1,283,260,69.0,203.7,88.5,5.8,121.2,65.6,64.8,12,18,0,0,0,0,1,0,0,0,0,0,0,0,0,0,0,0,0,0,1,0
2019,15563,22500,1,185,178,66.1,187.8,74.4,7.3,108.9,64.7,65.0,21,27,0,0,0,0,0,0,0,1,0,0,0,0,0,0,1,0,0,0,0,0
2019,15915,19330,1,283,260,69.0,203.7,88.5,5.8,121.2,65.6,64.8,12,18,0,0,0,0,1,0,0,0,0,0,0,0,0,0,0,0,0,0,1,0
2019,10393,17890,1,185,178,58.1,191.1,73.4,5.3,110.4,63.5,63.8,26,35,0,0,0,1,0,0,0,1,0,0,0,0,0,0,0,0,0,0,0,0
2019,16543,22400,1,185,178,66.1,187.8,74.4,7.3,108.9,64.7,65.0,21,27,0,0,0,0,0,0,0,0,0,0,0,0,0,0,1,0,0,0,0,0
2019,12010,17690,1,185,178,58.1,191.1,73.4,5.3,110.4,63.5,63.8,26,35,0,0,0,1,0,0,0,1,0,0,0,0,0,0,0,0,0,0,0,0
2019,15656,19350,1,283,260,69.0,203.7,88.5,5.8,121.2,65.6,64.8,12,18,0,0,0,0,1,0,0,0,0,0,0,0,0,0,0,0,0,0,1,0
2019,16531,21980,1,185,178,66.1,187.8,74.4,7.3,108.9,64.7,65.0,21,27,0,0,0,0,0,0,0,0,0,0,0,0,0,0,1,0,0,0,0,0
2017,29458,23100,1,176,172,67.5,183.5,72.6,6.1,104.7,61.4,61.4,23,29,0,0,0,0,0,0,0,0,0,0,0,0,0,0,0,0,0,0,0,0
2017,13859,33500,1,248,258,58.2,194.6,83.7,5.7,117.1,63.0,63.9,24,34,0,0,0,1,0,0,0,0,0,0,0,0,0,0,0,1,0,0,0,0
2018,31430,26980,1,293,260,70.9,201.2,85.5,8.1,119.8,63.9,64.1,19,26,0,0,0,0,0,0,0,0,0,0,0,0,0,0,0,1,0,0,0,0
2019,19440,24790,1,228,258,57.8,168.0,70.8,5.1,103.6,60.6,59.7,25,31,0,1,0,0,0,0,0,0,0,0,0,0,0,0,0,0,0,0,0,0
2020,4283,31660,1,280,262,70.6,196.5,78.6,7.3,111.0,66.3,66.3,19,27,0,0,0,0,0,0,0,1,0,0,0,0,0,0,0,0,0,0,0,0
2019,7172,21480,1,178,195,57.7,191.1,73.2,5.3,110.4,63.1,63.4,27,37,0,0,0,1,0,0,0,0,0,0,0,0,0,0,0,0,0,0,0,0
2019,12152,43130,1,295,267,67.7,192.5,74.6,8.2,109.8,64.4,64.0,20,27,0,0,0,0,0,0,0,0,0,0,0,0,0,0,0,0,0,0,0,0
2019,30477,17100,1,174,184,58.5,191.9,72.2,5.4,110.4,62.1,61.0,25,36,0,0,0,1,0,0,0,0,0,0,0,0,0,0,0,0,0,0,0,0
2019,27204,27340,1,310,266,69.9,204.3,89.3,7.7,120.9,67.3,67.0,18,26,0,0,0,0,0,0,0,0,0,0,0,0,0,0,0,0,0,0,0,0
2019,33080,22400,1,180,175,64.8,173.0,80.0,8.5,103.8,60.7,60.3,22,30,0,0,0,0,0,0,0,0,0,0,0,0,0,1,0,0,0,0,0,0
2019,26247,19240,1,283,260,66.6,192.4,83.7,7.2,113.8,61.8,62.3,16,24,0,0,0,0,0,0,0,0,0,0,0,0,0,0,1,0,0,0,0,0
2019,4629,37520,1,237,258,64.06,181.06,83.5,6.8,109.4,63.2,63.1,24,30,0,0,0,0,0,0,0,0,0,0,0,0,0,0,0,0,0,0,0,0
2017,40423,21730,1,176,172,67.5,183.5,72.6,6.1,104.7,61.4,61.4,23,29,0,0,0,0,0,0,0,0,0,0,0,0,0,0,0,0,0,0,0,0
2019,5786,37850,1,228,258,62.9,176.6,79.7,6.7,105.5,62.2,61.9,19,27,0,0,0,0,0,0,1,0,0,0,0,0,0,0,1,0,0,0,0,0
2017,33692,22570,1,296,263,70.7,200.2,78.1,6.5,119.3,67.7,67.7,19,27,0,0,0,0,1,0,0,1,0,0,0,0,0,0,0,0,0,0,0,0
2018,25246,21400,1,184,180,66.1,180.6,73.0,7.8,104.7,63.0,63.7,26,32,0,0,0,0,0,0,0,0,0,0,1,0,0,0,0,0,0,0,0,0
2019,8601,32770,1,245,275,65.2,179.2,84.1,6.8,105.9,64.8,64.7,20,27,0,0,0,0,0,0,1,0,0,0,0,0,0,0,0,0,0,0,0,0
2017,18606,25640,1,303,278,66.2,190.0,86.1,7.8,112.2,64.8,64.7,17,25,0,0,0,0,0,0,0,0,0,0,0,0,0,0,0,0,0,0,0,0
2017,26763,24100,1,303,278,66.2,190.0,86.1,7.8,112.2,64.8,64.7,17,25,0,0,0,0,0,0,0,0,0,1,0,0,0,0,0,0,0,0,0,0
2017,33193,19090,2,245,275,68.6,188.1,85.8,7.9,112.2,64.8,64.7,20,29,0,0,0,0,0,0,0,0,0,0,0,0,0,0,0,0,0,0,0,0
2019,40779,31900,1,390,394,75.8,208.9,79.9,9.2,121.1,67.5,67.9,14,19,0,0,0,0,0,0,0,0,0,0,0,0,0,0,0,1,0,0,0,0
2019,33471,25170,2,270,295,66.2,182.0,73.2,8.7,106.3,62.2,61.9,21,29,0,0,0,0,0,0,0,0,0,0,0,0,0,1,0,0,0,0,0,0
2019,3652,44150,1,295,267,67.7,192.5,74.6,8.2,109.8,64.4,64.0,20,27,0,0,0,0,0,0,0,0,0,0,0,0,0,0,0,0,0,0,0,0
2019,43845,13460,1,161,150,63.5,163.0,70.9,5.9,101.2,61.7,62.2,25,30,0,0,0,0,0,1,0,0,0,0,0,0,0,0,0,0,0,0,0,0
2020,3978,24400,2,182,176,67.5,182.1,80.9,8.7,105.1,61.6,61.8,26,33,0,0,0,0,0,1,0,1,0,0,0,0,0,0,1,0,0,0,0,0
2018,15662,29500,1,280,306,66.0,184.6,74.9,8.1,111.0,63.5,65.0,22,28,0,0,0,0,0,1,0,0,0,0,0,0,0,0,1,0,0,0,0,0
2019,6598,44350,1,295,263,70.1,192.5,75.8,8.0,109.8,64.4,64.2,19,26,0,0,0,0,0,0,0,0,0,1,0,0,0,0,1,0,0,0,0,0
2017,21780,27300,1,279,252,65.0,184.4,73.7,8.1,105.7,63.1,63.4,20,28,0,0,0,0,0,0,0,0,0,0,0,0,0,0,0,0,0,0,0,0
2018,26145,15780,1,138,148,65.3,168.4,69.9,6.2,100.6,60.6,60.6,27,33,0,0,0,0,0,0,0,0,0,0,0,0,0,0,0,0,0,0,0,0
2018,15524,42980,1,252,273,63.9,184.3,82.6,7.8,110.5,65.2,65.0,20,25,0,0,0,0,0,0,0,0,0,0,0,0,0,0,1,0,0,0,0,0
2019,31199,29700,1,276,266,70.0,198.3,78.3,8.0,117.3,67.2,67.8,17,23,0,0,0,0,0,0,0,0,0,0,0,0,0,0,1,0,0,0,0,0
2019,28168,19110,1,283,260,66.6,192.4,83.7,7.2,113.8,61.8,62.3,16,24,0,0,0,0,0,0,0,0,0,0,0,0,0,0,1,0,0,0,0,0
2019,34614,16800,1,174,184,58.5,191.9,72.2,5.4,110.4,62.1,61.0,25,36,0,0,0,1,0,0,0,0,0,1,0,0,0,0,0,0,0,0,0,0
2019,33797,24580,1,284,259,70.6,198.5,77.2,7.0,114.2,65.7,65.7,20,27,0,0,0,0,0,0,0,0,0,0,0,0,0,0,0,0,0,0,0,0
2019,38328,20000,1,180,175,64.8,173.0,80.0,8.2,103.8,60.7,60.3,22,31,0,0,0,0,0,0,0,0,0,0,0,0,0,0,0,0,0,0,0,0
2019,27059,19160,1,283,260,66.6,192.4,83.7,7.2,113.8,61.8,62.3,16,24,0,0,0,0,0,0,0,0,0,0,0,0,0,0,1,0,0,0,0,0
2019,39193,26240,1,310,266,69.9,204.3,89.3,7.7,120.9,67.3,67.0,18,26,0,0,0,0,0,0,0,0,0,0,0,0,0,0,0,0,0,0,0,0
2019,44052,25660,1,310,266,69.9,204.3,89.3,7.7,120.9,67.3,67.0,18,26,0,0,0,0,0,0,0,1,0,0,0,0,0,0,0,0,0,0,0,0
2019,35559,35180,1,390,394,75.8,208.9,79.9,9.2,121.1,67.5,67.9,14,19,0,0,0,0,0,0,0,0,0,0,0,0,0,0,0,1,0,0,0,0
2019,35431,15440,1,185,178,57.7,191.1,73.2,5.3,110.4,63.5,63.8,24,33,0,0,0,1,0,0,0,0,0,0,0,0,0,0,0,0,0,0,0,0
2019,30091,24290,1,284,259,70.6,198.5,77.2,7.0,114.2,65.7,65.7,20,27,0,0,0,0,0,0,0,0,0,0,0,0,1,0,0,0,0,0,0,0
2018,19033,30280,1,280,306,66.0,184.6,74.9,8.1,111.0,63.5,65.0,22,28,0,0,0,0,0,0,0,0,0,1,0,0,0,0,1,0,0,0,0,0
2019,9989,21780,1,152,145,57.3,182.1,79.9,5.1,105.1,60.6,60.8,27,36,0,0,0,1,0,0,0,0,0,0,0,0,0,0,1,0,0,0,0,0
2019,18395,20290,1,141,127,63.2,170.9,70.5,7.4,102.8,60.5,60.6,28,34,0,0,0,0,0,1,0,0,0,0,0,0,0,0,0,0,0,0,0,0
2019,37505,22040,1,170,203,65.4,182.3,72.4,7.9,107.3,62.3,62.5,24,28,0,0,0,0,0,0,0,0,0,0,0,0,0,0,1,0,0,0,0,0
2017,35881,17800,1,164,151,65.0,176.2,72.8,6.4,105.1,63.3,63.8,23,30,0,0,0,0,0,0,0,0,0,0,0,0,0,0,0,0,0,0,0,0
2019,9756,43230,2,272,280,65.7,186.8,74.8,8.2,108.3,64.2,64.7,21,27,0,0,0,0,0,0,0,0,0,0,0,0,0,0,1,0,0,0,0,0
2019,29854,12800,2,130,119,57.1,172.6,67.9,5.5,101.6,60.0,60.2,28,37,0,0,0,1,0,0,0,0,0,0,0,0,0,0,0,0,0,0,0,0
2019,5588,41140,2,241,273,64.5,183.3,82.5,5.9,113.1,63.8,63.7,22,27,0,0,0,0,0,0,0,0,0,0,0,0,0,0,1,0,0,0,0,0
2017,25110,33540,1,240,250,67.9,180.7,85.6,8.3,107.9,63.8,64.2,20,25,0,0,0,0,0,0,0,0,0,0,0,0,0,1,0,0,0,0,0,0
2018,10162,31260,1,280,306,66.0,184.6,74.9,8.1,111.0,63.5,65.0,22,28,0,0,0,0,0,0,0,0,0,0,0,0,0,0,1,0,0,0,0,0
2019,22750,45310,1,290,267,67.4,196.2,77.7,7.3,111.0,66.3,66.3,19,25,0,0,0,0,0,0,0,0,1,0,0,0,0,0,1,0,0,0,0,0
2017,27767,23030,1,187,185,66.1,179.1,72.5,7.6,106.2,62.8,62.8,23,29,0,0,0,0,0,0,0,0,0,1,0,0,0,0,1,0,0,0,0,0
2018,18163,29680,1,295,263,68.1,192.5,75.8,8.0,109.8,64.4,64.2,20,27,0,0,0,0,0,0,0,0,0,0,0,0,0,0,0,0,0,0,0,0
2019,13408,22030,1,185,178,66.1,187.8,74.4,7.3,108.9,64.7,65.0,21,27,0,0,0,0,0,0,0,0,0,0,0,0,0,0,1,0,0,0,0,0
2019,11760,16290,1,185,178,58.1,191.1,73.4,5.3,110.4,63.5,63.8,26,35,0,0,0,1,0,0,0,0,0,1,0,0,0,0,0,0,0,0,0,0
2019,9059,16650,1,185,178,58.1,191.1,73.4,5.3,110.4,63.5,63.8,26,35,0,0,0,1,0,0,0,1,0,0,0,0,0,0,0,0,0,0,0,0
2017,31589,42700,1,315,330,54.8,197.2,81.9,5.0,116.9,63.0,65.0,19,28,0,0,0,1,0,0,0,0,0,0,0,0,0,0,1,0,0,0,0,0
2018,46217,22860,1,279,252,65.0,184.4,73.7,8.1,105.7,63.1,63.4,20,28,0,0,0,0,0,0,0,0,0,0,0,0,0,0,0,0,0,0,0,0
2019,15020,16420,1,138,148,66.0,167.6,69.9,6.2,100.6,60.6,60.6,26,31,0,0,0,0,0,0,0,0,0,0,0,0,0,0,0,0,0,0,0,0
2018,26674,28120,1,250,258,68.2,180.9,80.5,8.7,103.9,60.9,61.1,23,27,0,0,0,0,0,1,1,0,0,0,0,0,0,0,1,0,0,0,0,0
2017,31269,22310,1,148,145,63.6,175.2,78.9,8.7,103.7,60.0,60.0,26,33,0,0,0,0,0,1,0,0,0,0,0,0,1,0,1,0,0,0,0,0
2017,32882,20270,1,175,174,66.1,189.6,81.3,8.7,108.1,61.8,62.2,25,32,0,0,0,0,0,0,0,0,0,0,0,0,1,0,1,0,0,0,0,0
2017,21388,26930,1,279,252,65.0,184.4,73.7,8.1,105.7,63.1,63.4,20,28,0,0,0,0,0,0,0,0,0,1,0,0,0,0,0,0,0,0,0,0
2019,30908,19380,1,288,254,60.7,202.9,85.7,5.1,112.9,65.3,65.5,18,26,0,0,0,1,0,0,0,0,0,0,0,0,0,0,0,0,0,0,0,0
2018,33230,38130,1,290,263,67.3,196.9,74.6,8.1,109.8,64.4,64.0,19,26,0,0,0,0,0,0,0,1,0,0,0,0,0,0,0,0,0,0,0,0
2019,48072,25250,1,250,310,69.0,199.4,77.5,8.8,115.3,65.3,65.2,20,26,0,0,0,0,0,0,0,0,0,0,0,0,0,0,1,0,0,0,0,0
2019,28517,26100,1,250,280,68.3,188.8,85.8,8.0,112.2,64.8,64.7,21,28,0,0,0,0,0,0,0,0,0,0,0,0,0,0,1,0,0,0,0,0
2019,23966,33580,2,295,260,69.3,189.8,84.8,8.6,114.7,63.9,64.1,18,25,0,0,0,0,0,0,0,0,0,0,0,0,0,1,0,0,0,0,0,0
2019,31406,17190,1,164,151,64.8,176.4,72.8,6.4,105.1,63.3,63.8,22,25,0,0,0,0,0,0,0,1,0,0,0,0,0,0,1,0,0,0,0,0
2019,31590,17190,1,164,151,64.8,176.4,72.8,6.4,105.1,63.3,63.8,22,25,0,0,0,0,0,0,0,0,0,0,0,0,0,0,1,0,0,0,0,0
2019,31911,17510,1,164,151,64.8,176.4,72.8,6.4,105.1,63.3,63.8,22,25,0,0,0,0,0,0,0,1,0,0,0,0,0,0,1,0,0,0,0,0
2019,23324,29190,1,276,266,70.0,198.3,78.3,8.0,117.3,67.2,67.8,17,24,0,0,0,0,0,0,0,0,0,0,0,0,0,0,0,0,0,0,0,0
2019,24722,33970,1,280,262,70.6,196.5,78.6,7.3,111.0,66.3,66.3,20,27,0,0,0,0,0,0,0,0,0,0,0,0,0,0,0,0,0,0,0,0
2016,36774,17730,1,245,275,68.6,188.1,85.8,7.9,112.2,64.8,64.7,20,30,0,0,0,0,0,0,0,0,0,0,0,0,0,0,0,0,0,0,0,0
2019,5126,15480,1,138,148,64.9,167.6,69.9,6.2,100.6,60.6,60.6,26,31,0,0,0,0,0,0,0,1,0,0,0,0,0,0,0,0,0,0,0,0
2018,36109,24140,2,208,258,60.0,173.9,79.6,5.3,106.3,61.4,60.8,24,33,0,0,0,0,0,0,0,0,0,0,0,0,0,0,0,0,0,0,0,0
2020,7994,22750,1,170,203,65.4,183.1,72.6,7.9,107.3,62.2,62.2,25,30,0,0,0,0,0,0,0,1,0,0,0,0,0,0,1,0,0,0,0,0
2019,29661,22910,1,287,262,69.9,203.8,90.4,5.1,121.6,68.3,68.3,18,28,0,0,0,0,1,0,0,0,0,0,0,0,0,0,0,0,0,0,0,0
2019,31059,23020,1,287,262,69.9,203.8,90.4,5.1,121.6,68.3,68.3,18,28,0,0,0,0,1,0,0,0,0,0,0,0,0,0,0,0,0,0,0,0
2019,27672,31610,1,310,271,66.0,189.5,75.0,7.8,112.5,64.4,64.4,19,26,0,0,0,0,0,0,0,0,0,0,0,0,0,0,0,0,0,0,0,0
2019,39213,21100,1,170,203,65.4,182.3,72.4,7.9,107.3,62.3,62.5,24,28,0,0,0,0,0,0,0,0,0,0,0,0,0,0,1,0,0,0,0,0
2019,30086,18620,1,288,254,60.7,202.9,85.7,5.1,112.9,65.3,65.5,18,26,0,0,0,1,0,0,0,0,0,0,0,0,0,0,0,0,0,0,0,0
2019,24783,23570,1,250,280,68.3,188.8,85.8,8.0,112.2,64.8,64.7,21,28,0,0,0,0,0,0,0,0,0,0,0,0,0,0,1,0,0,0,0,0
2019,31188,30310,1,310,271,66.0,189.5,75.0,7.8,112.5,64.4,64.4,19,26,0,0,0,0,0,0,0,0,0,0,0,0,0,0,0,0,0,0,0,0
2019,42681,21270,1,287,262,69.9,203.8,90.4,5.1,121.6,68.3,68.3,18,28,0,0,0,0,1,0,0,0,0,0,0,0,0,0,0,0,0,0,0,0
2019,30914,28900,1,310,271,66.0,193.6,75.4,7.2,112.5,64.5,64.5,17,25,0,0,0,0,0,0,0,0,0,0,0,0,0,0,1,0,0,0,0,0
2019,17933,29090,1,295,260,69.3,189.8,84.8,8.6,114.7,63.9,64.1,18,25,0,0,0,0,0,0,0,0,0,0,0,0,0,1,0,0,0,0,0,0
2019,35473,40490,1,355,383,74.4,204.0,80.5,7.9,116.0,68.7,68.7,15,22,0,0,0,0,0,0,0,0,0,0,0,0,0,0,0,1,0,0,0,0
2019,10068,26770,1,184,221,55.7,175.5,77.2,4.3,103.8,61.2,60.1,26,35,0,0,0,1,0,0,0,1,0,0,0,0,0,0,0,0,0,0,0,0
2019,43147,20790,1,287,262,69.9,203.8,90.4,5.1,121.6,68.3,68.3,18,28,0,0,0,0,1,0,0,0,0,0,0,0,0,0,0,0,0,0,0,0
2019,8660,25260,1,260,240,67.8,192.8,75.4,6.9,111.2,64.6,64.6,20,28,0,0,0,0,0,0,0,0,0,0,0,0,1,0,0,0,0,0,0,0
2018,30321,19000,1,287,262,69.9,203.8,90.4,5.1,121.6,68.3,68.3,18,28,0,0,0,0,1,0,0,0,0,0,0,0,0,0,0,0,0,0,0,0
2019,36848,22160,1,271,239,66.2,182.0,73.2,8.7,106.3,62.2,61.9,19,27,0,0,0,0,0,0,0,0,0,0,0,0,0,1,0,0,0,0,0,0
2020,13276,20690,1,170,203,65.4,183.1,72.6,7.6,107.3,62.2,62.2,26,31,0,0,0,0,0,0,0,0,0,0,0,0,0,0,0,0,0,0,0,0
2019,38795,21280,1,170,203,65.4,182.3,72.4,7.9,107.3,62.3,62.5,24,28,0,0,0,0,0,0,0,0,0,0,0,0,0,0,1,0,0,0,0,0
2020,15206,33640,1,287,262,69.9,203.8,90.4,5.1,121.6,68.3,68.3,19,28,0,0,0,0,1,0,0,1,0,0,0,0,0,0,0,0,0,0,0,0
2020,11831,25460,1,170,203,65.4,182.3,72.4,7.9,107.3,62.3,62.5,26,30,0,0,0,0,0,0,0,0,0,0,0,0,0,0,0,0,0,0,0,0
2017,21619,15740,1,245,275,66.3,178.1,81.8,7.9,105.9,61.5,61.6,22,29,0,0,0,0,0,0,0,0,0,0,0,0,0,0,0,0,0,0,0,0
2019,35243,17540,1,153,177,65.3,168.4,70.1,6.2,100.6,60.7,60.6,24,29,0,0,0,0,0,0,0,0,0,0,0,0,0,0,1,0,0,0,0,0
2019,33016,21240,1,170,203,65.4,182.3,72.4,7.9,107.3,62.3,62.5,24,28,0,0,0,0,0,0,0,0,0,0,0,0,0,0,1,0,0,0,0,0
2019,32460,27470,1,276,266,70.0,198.3,78.3,8.0,117.3,67.2,67.8,17,24,0,0,0,0,0,0,0,0,0,0,0,0,0,0,0,0,0,0,0,0
2019,32282,27760,1,276,266,70.0,198.3,78.3,8.0,117.3,67.2,67.8,17,24,0,0,0,0,0,0,0,0,0,0,0,0,0,0,0,0,0,0,0,0
2019,35939,26580,1,276,266,70.0,198.3,78.3,8.0,117.3,67.2,67.8,17,24,0,0,0,0,0,0,0,0,0,0,0,0,0,0,0,0,0,0,0,0
2019,34989,26680,1,276,266,70.0,198.3,78.3,8.0,117.3,67.2,67.8,17,24,0,0,0,0,0,0,0,0,0,0,0,0,0,0,0,0,0,0,0,0
2018,36665,16930,2,175,174,59.0,189.1,81.3,5.9,108.3,62.2,62.8,25,34,0,0,0,1,0,0,0,0,0,1,0,0,0,0,1,0,0,0,0,0
2019,38503,34980,1,390,394,75.8,208.9,79.9,9.2,121.1,67.5,67.9,13,18,0,0,0,0,0,0,0,0,0,0,0,0,0,1,0,0,0,0,0,0
2019,36166,34600,1,390,394,75.8,208.9,79.9,9.2,121.1,67.5,67.9,13,18,0,0,0,0,0,0,0,0,0,0,0,0,0,1,0,0,0,0,0,0
2019,41539,31980,1,390,394,75.8,208.9,79.9,9.2,121.1,67.5,67.9,14,19,0,0,0,0,0,0,0,0,0,0,0,0,0,0,0,1,0,0,0,0
2019,34258,46980,1,375,470,76.4,210.0,93.4,9.8,122.5,67.6,67.2,17,22,0,0,0,0,0,0,0,0,0,0,0,0,0,1,0,0,0,0,0,0
2018,37242,17090,2,175,174,59.0,189.1,81.3,5.9,108.3,62.2,62.8,25,34,0,0,0,1,0,0,0,0,0,1,0,0,0,0,1,0,0,0,0,0
2018,38315,17190,2,175,174,59.0,189.1,81.3,5.9,108.3,62.2,62.8,25,34,0,0,0,1,0,0,0,0,0,0,0,0,0,0,1,0,0,0,0,0
2018,32629,17380,2,175,174,59.0,189.1,81.3,5.9,108.3,62.2,62.8,25,34,0,0,0,1,0,0,0,0,0,0,0,0,0,0,1,0,0,0,0,0
2019,32417,35260,1,390,394,75.8,208.9,79.9,9.2,121.1,67.5,67.9,13,18,0,0,0,0,0,0,0,0,0,0,0,0,0,1,0,0,0,0,0,0
2019,32267,36000,1,390,394,75.8,208.9,79.9,9.2,121.1,67.5,67.9,13,18,0,0,0,0,0,0,0,0,0,0,0,0,0,1,0,0,0,0,0,0
2019,35668,34040,1,390,394,75.8,208.9,79.9,9.2,121.1,67.5,67.9,13,18,0,0,0,0,0,0,0,0,0,0,0,0,0,1,0,0,0,0,0,0
2019,36024,32720,1,390,394,75.8,208.9,79.9,9.2,121.1,67.5,67.9,14,19,0,0,0,0,0,0,0,0,0,0,0,0,0,0,0,1,0,0,0,0
2019,32707,44450,1,375,470,76.6,210.0,93.4,9.8,122.5,67.6,67.2,17,24,0,0,0,0,0,0,0,0,0,0,0,0,0,0,0,1,0,0,0,0
2016,37747,12330,2,115,199,57.1,168.1,70.8,5.0,103.6,60.8,59.5,126,105,0,1,0,0,0,0,0,1,0,0,0,0,0,0,0,0,0,1,0,0
2019,17488,40620,1,340,332,73.0,195.7,87.4,8.7,115.0,66.5,66.4,16,21,0,0,0,0,0,0,0,0,0,0,0,0,0,1,0,0,0,0,0,0
2017,15785,43810,1,316,295,69.9,194.9,84.3,9.4,117.5,65.7,65.8,20,25,0,0,0,0,0,0,0,0,0,1,0,0,0,0,1,0,0,0,0,0
2017,35600,14440,1,138,148,65.3,168.4,69.9,6.2,100.6,60.6,60.6,25,33,0,0,0,0,0,0,0,0,0,0,0,0,0,0,0,0,0,0,0,0
2019,25691,15730,1,138,148,66.0,167.6,69.9,6.2,100.6,60.6,60.6,26,31,0,0,0,0,0,1,0,0,0,0,0,0,0,0,0,0,0,0,0,0
2017,31561,14860,1,179,177,66.3,178.1,81.8,7.9,105.9,61.5,61.6,23,30,0,0,0,0,0,0,0,0,0,1,0,0,0,0,0,0,0,0,0,0
2019,35828,21410,1,170,203,65.4,182.3,72.4,7.9,107.3,62.3,62.5,24,28,0,0,0,0,0,0,0,0,0,0,0,0,0,0,1,0,0,0,0,0
2019,33923,17210,1,164,151,64.8,176.4,72.8,6.4,105.1,63.3,63.8,22,25,0,0,0,0,0,0,0,1,0,0,0,0,0,0,1,0,0,0,0,0
2019,48132,19190,1,170,203,65.4,182.3,72.4,7.9,107.3,62.3,62.5,24,28,0,0,0,0,0,0,0,0,0,0,0,0,0,0,1,0,0,0,0,0
2019,15589,16910,1,147,132,61.0,164.0,70.9,6.7,102.4,62.0,62.4,27,33,0,0,0,0,0,0,0,1,0,0,0,0,0,0,0,0,0,0,0,0
2019,38592,16290,1,283,260,69.0,203.7,88.5,5.8,121.2,65.6,64.8,12,18,0,0,0,0,1,0,0,0,0,0,0,0,0,0,0,0,0,0,1,0
2019,586,20690,1,141,127,63.2,170.9,70.5,7.4,102.8,60.5,60.6,28,34,0,0,0,0,0,0,0,0,0,0,0,0,0,0,0,0,0,0,0,0
2019,7518,20900,1,141,127,63.2,170.4,69.8,7.3,102.8,60.4,60.6,28,34,0,0,0,0,0,1,0,0,0,0,0,0,0,0,0,0,0,0,0,0
2019,21324,19980,2,185,178,66.1,187.8,74.4,7.3,108.9,64.7,65.0,21,27,0,0,0,0,0,0,0,1,0,0,0,0,0,0,1,0,0,0,0,0
2019,13572,29280,1,188,221,56.9,179.1,78.4,4.3,107.4,61.7,60.9,24,35,0,0,0,1,0,0,0,0,0,0,0,0,0,0,0,0,0,0,0,0
2019,11650,46090,1,345,369,57.5,195.7,83.8,4.5,118.0,64.4,65.1,17,24,0,0,0,1,0,0,0,0,0,0,0,0,0,0,0,1,0,0,0,0
2017,35360,25510,1,295,270,68.6,200.1,77.2,6.5,114.2,65.7,65.7,20,27,0,0,0,0,0,0,0,0,0,0,0,0,1,0,0,0,0,0,0,0
2017,19978,21410,1,325,267,62.7,186.8,71.0,6.9,113.4,60.4,61.0,17,24,0,0,0,0,0,0,0,0,0,0,0,0,0,0,0,1,0,0,0,0
2017,22397,20870,1,208,258,59.4,174.2,82.0,6.8,106.3,61.9,61.9,24,33,0,0,0,0,0,1,0,0,0,0,0,0,0,0,0,0,0,0,0,0
2017,18231,22210,1,325,267,62.7,186.8,71.0,6.9,113.4,60.4,61.0,17,24,0,0,0,0,0,0,0,0,0,0,0,0,0,0,0,1,0,0,0,0
2017,32783,19780,1,208,258,59.4,174.2,82.0,6.8,106.3,61.9,61.9,24,33,0,0,0,0,0,1,0,0,0,1,0,0,0,0,0,0,0,0,0,0
2019,3416,20620,1,134,214,57.2,168.1,70.8,5.0,103.5,60.8,59.5,126,111,0,1,0,0,0,0,0,0,0,0,0,0,0,0,0,0,0,1,0,0
2019,27070,13960,1,161,150,63.5,163.0,70.9,5.9,101.2,61.7,62.2,25,30,0,0,0,0,0,0,0,0,0,0,0,0,0,0,0,0,0,0,0,0
2019,29750,25980,1,310,266,69.9,204.3,89.3,7.7,120.9,67.3,67.0,18,26,0,0,0,0,0,0,0,0,0,0,0,0,0,0,0,0,0,0,0,0
2019,15734,14960,2,161,150,63.5,163.0,70.9,5.9,101.2,61.7,62.2,25,30,0,0,0,0,0,0,0,0,0,0,0,0,0,0,0,0,0,0,0,0
2018,14980,26510,1,280,306,66.0,184.6,74.9,8.1,111.0,63.5,65.0,22,28,0,0,0,0,0,0,0,0,0,0,0,0,0,0,1,0,0,0,0,0
2019,33275,32930,1,390,394,75.8,208.9,79.9,9.2,121.1,67.5,67.9,14,19,0,0,0,0,0,0,0,0,0,0,0,0,0,0,0,1,0,0,0,0
2017,49286,14240,1,179,177,66.3,178.1,81.8,7.9,105.9,61.5,61.6,23,30,0,0,0,0,0,0,0,0,0,0,0,0,0,0,0,0,0,0,0,0
2019,44763,16860,2,245,275,66.3,178.1,81.8,7.9,105.9,61.5,61.6,21,27,0,0,0,0,0,0,0,0,0,1,0,0,0,1,0,0,0,0,0,0
2016,40748,13380,2,158,141,65.0,175.1,71.4,8.1,103.7,59.8,59.8,22,26,0,0,0,0,0,0,0,1,0,0,0,0,0,0,0,0,0,0,0,0
2019,28038,30330,1,310,271,66.0,189.5,75.0,7.8,112.5,64.4,64.4,19,26,0,0,0,0,0,0,0,0,0,0,0,0,0,0,0,0,0,0,0,0
2019,32279,17440,1,164,151,64.8,176.4,72.8,6.4,105.1,63.3,63.8,22,25,0,0,0,0,0,0,0,1,0,0,0,0,1,0,1,0,0,0,0,0
2018,24439,28510,1,280,306,66.0,184.6,74.9,8.1,111.0,63.5,65.0,22,28,0,0,0,0,0,1,0,0,0,0,0,0,1,0,1,0,0,0,0,0
2017,26363,35370,1,300,300,69.4,193.2,86.0,8.2,115.5,64.6,64.8,18,25,0,0,0,0,0,0,1,0,0,0,0,0,1,0,0,1,0,0,0,0
2019,28115,31180,1,310,271,66.0,189.5,75.0,7.8,112.5,64.4,64.4,19,26,0,0,0,0,0,0,0,0,0,0,0,0,1,0,0,0,0,0,0,0
2017,15544,35920,1,335,332,58.2,194.6,83.7,5.7,117.1,63.0,63.9,20,30,0,0,0,1,0,0,0,0,0,1,0,0,1,0,0,1,0,0,0,0
2017,28021,60270,2,400,406,63.4,185.0,82.6,7.8,110.5,65.2,65.0,17,23,0,0,0,0,0,0,0,0,0,0,0,0,1,0,1,0,0,0,0,0
2018,23337,29800,1,280,306,66.0,184.6,74.9,8.1,111.0,63.5,65.0,22,28,0,0,0,0,0,1,0,0,0,0,0,0,1,0,1,0,0,0,0,0
2017,25258,15530,1,245,275,66.3,178.1,81.8,7.9,105.9,61.5,61.6,22,29,0,0,0,0,0,0,0,0,0,0,0,0,0,0,0,0,0,0,0,0
2019,5937,26690,1,134,214,57.2,168.1,70.8,5.0,103.5,60.8,59.5,126,111,0,1,0,0,0,0,0,0,0,0,0,0,0,0,0,0,0,1,0,0
2019,6288,20220,1,134,214,57.2,168.1,70.8,5.0,103.5,60.8,59.5,126,111,0,1,0,0,0,0,0,0,0,0,0,0,0,0,0,0,0,1,0,0
2019,30941,27850,1,295,260,69.3,189.8,84.8,8.6,114.7,63.9,64.1,18,25,0,0,0,0,0,0,0,0,0,0,0,0,1,1,0,0,0,0,0,0
2020,10194,38780,1,283,317,56.8,184.8,82.2,5.5,113.2,62.2,62.2,148,132,0,0,0,1,0,0,0,0,0,0,0,0,0,0,0,1,0,1,0,0
2019,31437,26120,1,310,266,69.9,204.3,89.3,7.7,120.9,67.3,67.0,18,26,0,0,0,0,0,0,0,1,0,0,0,0,0,0,0,0,0,0,0,0
2017,33662,14600,1,179,177,66.3,178.1,81.8,7.9,105.9,61.5,61.6,23,30,0,0,0,0,0,0,0,0,0,0,0,0,0,0,0,0,0,0,0,0
2019,30450,25800,1,208,258,58.8,173.9,79.6,5.3,106.3,61.4,60.8,23,31,0,0,0,0,0,0,0,0,0,0,0,0,0,0,1,0,0,0,0,0
2018,13745,19780,1,170,203,65.4,182.3,72.4,6.9,107.3,62.3,62.5,26,30,0,0,0,0,0,0,0,0,0,0,0,0,0,0,0,0,0,0,0,0
2019,31222,15590,1,166,149,65.1,161.3,81.0,7.8,99.2,59.8,59.7,23,29,0,0,0,0,0,1,0,0,0,0,0,0,0,1,0,0,0,0,0,0
2017,23587,29880,1,310,271,66.0,193.6,75.4,7.2,112.5,64.5,64.5,18,25,0,0,0,0,0,0,0,0,0,1,0,0,0,0,0,0,0,0,0,0
2017,18896,21230,1,325,267,62.7,186.8,71.0,6.9,113.4,60.4,61.0,17,24,0,0,0,0,0,1,0,0,0,0,0,0,0,0,0,1,0,0,0,0
2017,31362,31470,1,295,267,67.7,192.5,74.6,8.2,109.8,64.4,64.0,20,27,0,0,0,0,0,0,0,0,0,0,0,0,0,0,0,0,0,0,0,0
2019,26835,28340,1,295,260,69.3,189.8,84.8,8.6,114.7,63.9,64.1,18,25,0,0,0,0,0,0,0,0,0,0,0,0,0,1,0,0,0,0,0,0
2017,45493,30690,1,335,332,58.2,194.6,83.7,5.7,117.1,63.0,63.9,20,30,0,0,0,1,0,0,0,0,0,0,0,0,0,0,0,1,0,0,0,0
2017,43034,32980,1,335,332,58.2,194.6,83.7,5.7,117.1,63.0,63.9,20,30,0,0,0,1,0,0,0,0,0,0,1,0,0,0,0,1,0,0,0,0
2019,29409,25840,1,310,266,69.9,204.3,89.3,7.7,120.9,67.3,67.0,18,26,0,0,0,0,0,0,0,1,0,0,0,0,0,0,0,0,0,0,0,0
2017,33153,19190,1,271,239,65.7,182.0,73.2,8.7,106.3,62.2,61.9,21,29,0,0,0,0,0,0,0,0,0,1,0,0,0,0,0,0,0,0,0,0
2019,7334,38960,1,280,262,70.6,196.5,78.6,7.3,111.0,66.3,66.3,19,26,0,0,0,0,0,0,0,0,0,0,0,0,0,0,1,0,0,0,0,0
2019,40031,24450,1,310,266,69.9,204.3,89.3,7.7,120.9,67.3,67.0,18,26,0,0,0,0,0,0,0,1,0,0,0,0,0,0,0,0,0,0,0,0
2019,28108,28420,1,295,260,69.3,189.8,84.8,8.6,114.7,63.9,64.1,18,25,0,0,0,0,0,0,0,0,0,0,0,0,0,1,0,0,0,0,0,0
2019,29374,28240,1,295,260,69.3,189.8,84.8,8.6,114.7,63.9,64.1,18,25,0,0,0,0,0,0,0,0,0,0,0,0,0,1,0,0,0,0,0,0
2019,36729,24730,1,310,266,69.9,204.3,89.3,7.7,120.9,67.3,67.0,18,26,0,0,0,0,0,0,0,0,0,0,0,0,0,0,0,0,0,0,0,0
2016,39946,16060,1,199,235,57.08,190.7,72.0,5.1,110.0,62.8,62.8,35,39,0,0,0,1,0,0,0,0,0,0,0,0,0,0,0,0,0,0,0,1
2018,32999,35350,1,290,267,67.4,196.2,77.7,7.3,111.0,66.3,66.3,18,26,0,0,0,0,0,0,0,0,0,0,0,0,0,0,1,0,0,0,0,0
2018,9716,43580,1,252,273,63.9,184.3,82.6,7.8,110.5,65.2,65.0,20,25,0,0,0,0,0,0,0,0,0,0,0,0,0,0,1,0,0,0,0,0
2019,3965,37940,1,248,258,65.3,174.2,80.1,8.3,106.4,63.0,64.0,23,31,0,0,0,0,0,0,0,0,0,0,0,0,0,0,1,0,0,0,0,0
2019,6958,16980,1,185,178,58.1,191.1,73.4,5.3,110.4,63.5,63.8,26,35,0,0,0,1,0,0,0,1,0,0,0,0,0,0,0,0,0,0,0,0
2017,37719,26300,1,276,248,69.1,201.4,89.3,6.7,120.5,68.3,68.6,17,22,0,0,0,0,1,0,0,0,1,0,0,0,0,0,0,0,0,0,0,0
2019,13352,51980,1,335,330,69.0,194.3,87.3,8.7,117.1,65.6,66.4,20,26,0,0,0,0,0,0,0,0,0,0,0,0,0,0,1,0,0,0,0,0
2019,38952,27170,1,310,266,69.9,204.3,89.3,7.7,120.9,67.3,67.0,18,26,0,0,0,0,0,0,0,0,0,1,0,0,0,0,0,0,0,0,0,0
2019,32601,33130,1,290,267,67.4,196.2,77.7,7.3,111.0,66.3,66.3,20,27,0,0,0,0,0,0,0,0,0,0,0,0,0,0,0,0,0,0,0,0
2017,36568,21290,1,290,252,66.5,187.4,74.4,7.3,109.4,64.1,64.5,18,25,0,0,0,0,0,0,0,0,0,0,0,0,0,0,0,0,0,0,0,0
2019,29557,44480,1,355,383,74.4,204.0,80.5,7.9,116.0,68.7,68.7,15,21,0,0,0,0,0,0,0,0,0,0,0,0,0,1,0,0,0,0,0,0
2019,25031,36400,1,296,295,65.0,186.3,85.6,6.3,113.1,64.6,65.1,22,27,0,0,0,0,0,0,0,0,0,0,0,0,0,0,1,0,0,0,0,0
2019,34719,34280,1,390,394,75.8,208.9,79.9,9.2,121.1,67.5,67.9,13,18,0,0,0,0,0,0,0,0,0,0,0,0,0,1,0,0,0,0,0,0
2019,17136,28000,1,188,221,56.9,179.1,78.4,4.3,107.4,61.7,60.9,24,35,0,0,0,1,0,0,0,0,0,0,0,0,0,0,0,0,0,0,0,0
2019,38914,42450,1,355,383,74.4,204.0,80.5,7.9,116.0,68.7,68.7,15,21,0,0,0,0,0,0,0,0,0,0,0,0,0,1,0,0,0,0,0,0
2019,29180,40000,1,316,295,69.9,194.9,84.3,9.4,117.5,65.6,65.6,19,26,0,0,0,0,0,0,0,0,0,1,0,0,0,0,1,0,0,0,0,0
2018,31442,29300,1,280,306,66.0,184.6,74.9,8.1,111.0,63.5,65.0,22,28,0,0,0,0,0,1,0,0,0,0,0,0,1,0,1,0,0,0,0,0
2018,19010,25970,1,280,306,66.0,184.6,74.9,8.1,111.0,63.5,65.0,22,28,0,0,0,0,0,1,0,0,0,0,0,0,1,0,1,0,0,0,0,0
2017,29968,18590,1,187,185,66.1,179.1,72.5,7.6,106.2,62.8,62.8,24,31,0,0,0,0,0,0,0,0,0,0,0,0,1,0,0,0,0,0,0,0
2016,33453,36900,1,333,325,55.9,196.2,84.2,4.4,114.7,64.7,64.4,20,30,0,0,0,1,0,0,0,0,0,0,0,0,0,0,1,0,0,0,0,0
2018,18714,27560,1,280,306,66.0,184.6,74.9,8.1,111.0,63.5,65.0,22,28,0,0,0,0,0,0,0,0,0,0,0,0,0,0,1,0,0,0,0,0
2017,30407,17950,1,245,275,68.7,188.1,85.8,8.0,112.2,64.8,64.7,20,27,0,0,0,0,0,0,0,0,0,0,0,0,0,0,1,0,0,0,0,0
2018,50581,11900,3,147,132,56.3,179.5,70.1,5.3,106.3,61.5,62.0,29,37,0,0,0,1,0,0,0,0,0,0,0,0,0,0,0,0,0,0,0,0
2018,18685,26330,1,280,306,66.0,184.6,74.9,8.1,111.0,63.5,65.0,22,28,0,0,0,0,0,1,0,0,0,0,0,0,0,0,1,0,0,0,0,0
2018,16223,38190,1,290,267,67.4,196.2,77.7,7.3,111.0,66.3,66.3,18,26,0,0,0,0,0,0,0,0,0,1,0,0,0,0,1,0,0,0,0,0
2018,15765,20560,1,201,180,55.6,181.9,70.6,5.3,105.1,59.4,60.2,25,35,0,0,0,1,0,0,0,0,0,0,0,0,0,0,0,0,0,0,0,0
2018,14264,32520,1,295,263,70.1,192.5,75.8,8.0,109.8,64.4,64.2,20,27,0,0,0,0,0,0,0,0,0,0,0,0,0,0,0,0,0,0,0,0
2019,5024,47880,1,241,273,63.0,186.3,82.5,5.9,113.1,63.8,63.7,21,27,0,0,0,0,0,0,0,0,1,0,0,0,0,0,1,0,0,0,0,0
2019,2487,33980,1,235,258,64.8,182.3,83.9,6.9,104.7,62.2,62.2,22,28,0,0,0,0,0,0,0,0,0,0,0,0,0,0,0,0,0,0,0,0
2019,40643,21000,1,290,252,66.5,189.0,74.4,7.3,109.4,64.3,64.7,19,24,0,0,0,0,0,0,0,0,0,0,0,0,0,0,1,0,0,0,0,0
2019,28688,31600,1,295,260,69.3,189.8,84.8,8.6,114.7,63.9,64.1,18,25,0,0,0,0,0,0,0,0,0,0,0,0,0,1,0,0,0,0,0,0
2019,19570,32080,1,235,258,64.8,182.3,83.9,6.9,104.7,62.2,62.2,22,28,0,0,0,0,0,0,0,0,0,0,0,0,0,0,0,0,0,0,0,0
2019,17494,23140,1,201,180,55.6,182.2,70.6,5.3,105.1,59.4,60.2,24,34,0,0,0,1,0,0,1,0,0,0,0,0,0,0,0,0,0,0,0,0
2019,14607,18980,1,185,178,58.1,191.1,73.4,5.3,110.4,63.1,63.3,25,33,0,0,0,1,0,0,0,0,0,0,0,0,0,0,0,0,0,0,0,0
2019,32031,19410,1,283,260,66.6,192.4,83.7,7.2,113.8,61.8,62.3,16,24,0,0,0,0,0,0,0,0,0,0,0,0,0,0,1,0,0,0,0,0
2018,23528,20860,1,284,259,70.2,198.5,77.2,7.0,114.2,65.7,65.7,20,27,0,0,0,0,0,0,0,0,0,0,0,0,0,0,0,0,0,0,0,0
2018,33584,21700,1,186,221,55.7,175.5,77.2,4.3,103.8,61.2,60.1,26,35,0,0,0,1,0,0,0,0,0,0,0,0,0,0,0,0,0,0,0,0
2019,14029,17480,1,185,178,58.1,191.1,73.4,5.3,110.4,63.5,63.8,26,35,0,0,0,1,0,0,0,1,0,0,0,0,0,0,0,0,0,0,0,0
2018,15202,21790,1,220,258,57.8,168.0,70.8,5.1,103.6,60.6,59.7,25,33,0,1,0,0,0,0,0,1,0,0,0,1,0,0,0,0,0,0,0,0
2019,31539,16900,1,174,184,58.5,191.9,72.2,5.4,110.4,62.1,61.0,25,36,0,0,0,1,0,0,0,0,0,0,0,0,0,0,0,0,0,0,0,0
2019,31275,14470,1,161,150,63.5,163.0,70.9,5.9,101.2,61.7,62.2,25,30,0,0,0,0,0,1,0,0,0,0,0,0,0,0,0,0,0,0,0,0
2019,8432,41450,1,276,266,70.0,198.3,78.3,8.0,117.3,67.2,67.8,17,23,0,0,0,0,0,0,0,0,0,0,0,0,0,0,1,0,0,0,0,0
2018,29260,31980,1,295,263,70.1,192.5,75.8,8.0,109.8,64.4,64.2,20,27,0,0,0,0,0,0,0,1,0,0,0,0,0,0,0,0,0,0,0,0
2020,8660,38980,1,283,317,56.8,184.8,82.2,5.5,113.2,62.2,62.2,148,132,0,0,0,1,0,0,0,0,0,0,0,0,0,0,0,1,0,1,0,0
2019,31774,18830,1,283,260,66.6,192.4,83.7,7.2,113.8,61.8,62.3,16,24,0,0,0,0,0,0,0,0,0,0,0,0,0,0,1,0,0,0,0,0
2019,30558,19560,1,283,260,66.6,192.4,83.7,7.2,113.8,61.8,62.3,16,24,0,0,0,0,0,0,0,0,0,0,0,0,0,0,1,0,0,0,0,0
2019,35742,27700,1,276,266,70.0,198.3,78.3,8.0,117.3,67.2,67.8,17,24,0,0,0,0,0,0,0,0,0,0,0,0,0,0,0,0,0,0,0,0
2019,32127,22300,1,187,186,66.1,179.1,83.3,7.5,106.2,62.8,62.8,24,30,0,0,0,0,0,0,0,0,0,0,0,0,0,0,1,0,0,0,0,0
2019,26805,27900,1,250,310,69.0,199.4,77.5,8.8,115.3,65.3,65.2,20,26,0,0,0,0,0,0,0,0,0,0,0,0,0,0,1,0,0,0,0,0
2019,9337,32490,2,268,280,66.0,184.7,85.1,8.6,110.2,64.4,64.2,24,31,0,0,0,0,0,0,0,0,0,1,0,0,1,0,0,0,0,0,0,0
2019,12403,17500,1,138,148,66.0,167.6,69.9,6.2,100.6,60.6,60.6,26,31,0,0,0,0,0,1,0,0,0,0,0,0,0,0,0,0,0,0,0,0
2014,35307,16420,4,240,260,60.8,176.5,80.5,7.0,108.7,59.1,60.2,22,33,0,0,0,0,0,0,0,0,0,0,0,0,0,0,1,0,0,0,0,0
2017,20609,21330,1,290,253,57.9,195.7,73.6,5.4,112.4,63.3,63.6,20,28,0,0,0,1,0,0,0,0,0,0,0,0,0,0,0,0,0,0,0,0
2017,15085,48480,1,340,332,73.5,195.6,87.4,11.1,115.0,66.6,66.4,16,21,0,0,0,0,0,0,0,0,0,0,0,0,0,1,0,0,0,0,0,0
2018,21692,33220,1,290,267,67.4,196.2,77.7,7.3,111.0,66.3,66.3,19,27,0,0,0,0,0,0,0,0,0,1,0,0,0,0,0,0,0,0,0,0
2018,18627,19700,1,170,203,65.4,182.3,72.4,6.9,107.3,62.3,62.5,26,30,0,0,0,0,0,0,0,0,0,0,0,0,0,0,0,0,0,0,0,0
2018,7052,16930,2,138,148,65.3,168.4,69.9,6.2,100.6,60.6,60.6,27,33,0,0,0,0,0,0,0,0,0,0,0,0,0,0,0,0,0,0,0,0
2017,19387,15500,1,138,148,64.8,167.6,69.9,6.2,100.6,60.6,60.6,25,33,0,0,0,0,0,0,0,0,0,0,0,0,0,0,0,0,0,0,0,0
2018,5064,17420,1,138,148,65.3,168.4,69.9,6.2,100.6,60.6,60.6,27,33,0,0,0,0,0,0,0,0,0,0,0,0,0,0,0,0,0,0,0,0
2017,24332,14950,1,138,148,64.8,167.6,69.9,6.2,100.6,60.6,60.6,25,33,0,0,0,0,0,1,0,0,0,0,0,0,0,0,0,0,0,0,0,0
2019,22019,18220,1,153,177,65.3,168.4,70.1,6.2,100.6,60.7,60.6,25,30,0,0,0,0,0,0,0,0,0,0,0,0,0,0,0,0,0,0,0,0
2020,5568,20690,1,161,150,64.8,176.4,72.8,6.4,105.1,63.3,63.8,23,28,0,0,0,0,0,0,0,0,0,0,0,0,0,0,0,0,0,0,0,0
2017,22073,21900,1,208,258,59.4,174.2,82.0,6.8,106.3,61.9,61.9,24,33,0,0,0,0,0,0,0,0,0,1,0,0,0,0,0,0,0,0,0,0
2017,37387,21900,1,208,258,60.2,174.2,82.0,8.0,106.3,61.6,61.9,21,30,0,0,0,0,0,0,0,0,0,0,0,0,0,0,1,0,0,0,0,0
2017,24577,19380,1,176,172,67.1,183.5,72.6,6.1,104.7,61.8,61.8,23,30,0,0,0,0,0,0,0,0,0,0,0,0,0,0,0,0,0,0,0,0
2019,16196,43670,1,355,383,74.4,203.9,80.5,8.0,116.0,68.7,68.7,15,22,0,0,0,0,0,0,0,0,0,0,0,0,0,0,0,1,0,0,0,0
2019,45011,22670,1,275,260,82.4,237.6,97.4,6.0,147.6,68.2,68.6,14,18,0,0,0,0,1,0,0,1,0,0,0,0,0,0,0,1,0,0,0,0
2019,44491,22670,1,275,260,82.4,237.6,97.4,6.0,147.6,68.2,68.6,14,18,0,0,0,0,1,0,0,1,0,0,0,0,0,0,0,1,0,0,0,0
2019,26533,17100,1,174,184,58.5,191.9,72.2,5.4,110.4,62.1,61.0,25,36,0,0,0,1,0,0,0,0,0,0,0,0,0,0,0,0,0,0,0,0
2019,26116,17400,1,174,184,58.5,191.9,72.2,5.4,110.4,62.1,61.0,25,36,0,0,0,1,0,0,0,0,0,0,0,0,0,0,0,0,0,0,0,0
2019,26992,26710,1,250,310,69.0,199.4,77.5,8.8,115.3,65.3,65.2,22,28,0,0,0,0,0,0,0,0,0,1,0,0,0,0,0,0,0,0,0,0
2019,26363,14220,1,161,150,63.5,163.0,70.9,5.9,101.2,61.7,62.2,25,30,0,0,0,0,0,1,0,0,0,0,0,0,0,0,0,0,0,0,0,0
2019,28753,28200,1,276,266,70.0,198.3,78.3,8.0,117.3,67.2,67.8,17,24,0,0,0,0,0,0,0,0,0,0,0,0,0,0,0,0,0,0,0,0
2019,34962,24050,1,284,259,70.6,198.5,77.2,7.0,114.2,65.7,65.7,20,27,0,0,0,0,0,0,0,0,0,0,0,0,1,0,0,0,0,0,0,0
2017,48261,41980,2,300,295,67.4,191.14,85.2,8.5,114.0,65.2,65.7,18,24,0,0,0,0,0,0,0,0,0,0,0,0,0,0,1,0,0,0,0,0
2019,12913,38970,1,280,262,70.6,196.5,78.6,7.3,111.0,66.3,66.3,20,27,0,0,0,0,0,0,0,1,0,0,0,0,0,0,0,0,0,0,0,0
2019,9591,42540,1,290,267,67.4,196.2,77.7,7.3,111.0,66.3,66.3,19,26,0,0,0,0,0,0,0,0,0,1,0,0,0,0,1,0,0,0,0,0
2017,30197,33070,1,295,267,67.7,192.5,74.6,8.2,109.8,64.4,64.0,20,27,0,0,0,0,0,0,0,1,0,0,0,0,0,0,0,0,0,0,0,0
2017,45042,13900,1,168,170,66.3,178.1,81.8,7.9,105.9,61.5,61.6,21,29,0,0,0,0,0,0,0,1,0,0,0,0,0,0,0,0,0,0,0,0
2015,85611,17210,2,281,266,69.9,203.7,78.5,7.2,118.9,67.3,67.1,17,24,0,0,0,0,0,0,0,0,0,0,0,0,0,0,0,0,0,0,0,0
2017,34951,15640,1,245,275,66.3,178.1,81.8,7.9,105.9,61.5,61.6,22,29,0,0,0,0,0,0,0,1,0,0,0,0,0,0,0,0,0,0,0,0
2018,12045,27940,1,280,306,66.0,184.6,74.9,8.1,111.0,63.5,65.0,22,28,0,0,0,0,0,1,0,0,0,0,0,0,0,0,1,0,0,0,0,0
2019,35789,41900,1,400,413,75.8,210.2,79.9,9.2,121.1,67.5,67.9,13,19,0,0,0,0,0,0,0,0,0,0,0,0,0,1,0,0,0,0,0,0
2019,7009,39150,1,290,267,67.4,196.2,77.7,7.3,111.0,66.3,66.3,20,27,0,0,0,0,0,0,0,0,0,0,0,0,0,0,0,0,0,0,0,0
2019,26561,27430,1,310,266,69.9,204.3,89.3,7.7,120.9,67.3,67.0,18,26,0,0,0,0,0,0,0,0,0,0,0,0,0,0,0,0,0,0,0,0
2018,16356,25700,2,310,271,66.0,193.6,75.4,7.2,112.5,64.5,64.5,18,25,0,0,0,0,0,0,0,0,0,0,0,0,0,0,0,0,0,0,0,0
2019,35481,29110,1,290,255,70.0,198.3,90.2,7.8,112.8,67.0,67.0,17,24,0,0,0,0,0,0,0,0,0,0,0,0,0,0,0,0,0,0,0,0
2019,46258,13050,1,161,150,63.5,163.0,70.9,5.9,101.2,61.7,62.2,25,30,0,0,0,0,0,0,0,0,0,0,0,0,0,0,0,0,0,0,0,0
2019,2524,24060,1,141,127,63.2,170.4,69.8,6.7,102.8,60.4,60.6,26,31,0,0,0,0,0,0,0,1,0,0,0,0,0,0,1,0,0,0,0,0
2019,26952,14320,2,161,150,63.5,163.0,70.9,5.9,101.2,61.7,62.2,25,30,0,0,0,0,0,1,0,0,0,0,0,0,0,0,0,0,0,0,0,0
2017,28069,19500,1,260,240,67.8,192.4,75.4,6.9,111.2,64.6,64.6,21,28,0,0,0,0,0,0,0,1,0,0,0,0,0,0,0,0,0,0,0,0
2019,31498,25590,1,310,266,69.9,204.3,89.3,7.7,120.9,67.3,67.0,18,26,0,0,0,0,0,0,0,1,0,0,0,0,0,0,0,0,0,0,0,0
2019,32127,24380,1,284,259,70.6,198.5,77.2,7.0,114.2,65.7,65.7,20,27,0,0,0,0,0,0,0,0,0,0,0,0,1,0,0,0,0,0,0,0
2019,33742,26240,1,250,310,69.0,199.4,77.5,8.8,115.3,65.3,65.2,20,26,0,0,0,0,0,0,0,0,0,0,0,0,0,0,1,0,0,0,0,0
2019,10918,27460,1,190,179,66.1,180.6,73.0,7.8,104.7,63.0,63.7,28,34,0,0,0,0,0,0,0,0,0,1,0,0,1,0,0,0,0,0,0,0
2019,18928,21190,1,141,127,63.2,170.4,69.8,7.3,102.8,60.4,60.6,28,34,0,0,0,0,0,1,0,1,0,0,0,0,0,0,0,0,0,0,0,0
2018,32097,43200,1,355,383,74.4,204.0,80.5,7.9,116.0,68.7,68.7,16,22,0,0,0,0,0,0,0,0,0,0,0,0,0,1,0,0,0,0,0,0
2019,24312,28700,1,276,266,70.0,198.3,78.3,8.0,117.3,67.2,67.8,17,24,0,0,0,0,0,0,0,0,0,0,0,0,0,0,0,0,0,0,0,0
2019,27430,26100,1,250,280,68.3,188.8,85.8,8.0,112.2,64.8,64.7,21,28,0,0,0,0,0,0,0,0,0,0,0,0,0,0,1,0,0,0,0,0
2019,27443,26360,1,250,280,68.3,188.8,85.8,8.0,112.2,64.8,64.7,21,28,0,0,0,0,0,0,0,0,0,0,0,0,0,0,1,0,0,0,0,0
2019,27141,26360,2,250,280,68.3,188.8,85.8,8.0,112.2,64.8,64.7,21,28,0,0,0,0,0,0,0,0,0,0,0,0,0,0,1,0,0,0,0,0
2019,26174,26360,1,250,280,68.3,188.8,85.8,8.0,112.2,64.8,64.7,21,28,0,0,0,0,0,0,0,0,0,0,0,0,0,0,1,0,0,0,0,0
2019,26419,28120,1,295,270,68.6,200.6,77.2,6.5,114.2,65.7,65.7,20,27,0,0,0,0,0,0,0,0,0,1,0,0,0,0,0,0,0,0,0,0
2019,34704,25910,1,290,255,70.0,198.3,90.2,7.8,112.8,67.0,67.0,17,24,0,0,0,0,0,0,0,0,0,0,0,0,0,0,0,0,0,0,0,0
2019,32280,17190,1,164,151,64.8,176.4,72.8,6.4,105.1,63.3,63.8,22,25,0,0,0,0,0,0,0,0,0,0,0,0,0,0,1,0,0,0,0,0
2019,31252,17320,1,164,151,64.8,176.4,72.8,6.4,105.1,63.3,63.8,22,25,0,0,0,0,0,0,0,0,0,0,0,0,0,0,1,0,0,0,0,0
2019,30648,17190,1,164,151,64.8,176.4,72.8,6.4,105.1,63.3,63.8,22,25,0,0,0,0,0,0,0,0,0,0,0,0,0,0,1,0,0,0,0,0
2017,48903,24240,1,295,270,68.6,200.1,77.2,6.5,114.2,65.7,65.7,20,27,0,0,0,0,0,0,0,0,0,0,0,0,0,0,0,0,0,0,0,0
2019,23652,21340,1,170,203,65.4,182.3,72.4,7.9,107.3,62.3,62.5,26,30,0,0,0,0,0,0,0,0,0,0,0,0,0,0,0,0,0,0,0,0
2017,31892,23020,2,260,240,67.8,192.4,75.4,6.9,111.2,64.6,64.6,21,28,0,0,0,0,0,0,1,0,0,0,0,0,1,0,0,0,0,0,0,0
2020,8179,22810,1,170,203,65.4,183.1,72.6,7.9,107.3,62.2,62.2,25,30,0,0,0,0,0,0,0,0,0,0,0,0,0,0,1,0,0,0,0,0
2019,19419,27980,1,188,221,56.9,179.1,78.4,4.3,107.4,61.7,60.9,24,35,0,0,0,1,0,0,0,0,0,0,0,0,0,0,0,0,0,0,0,0
2019,40449,21300,1,287,262,69.9,203.8,90.4,5.1,121.6,68.3,68.3,18,28,0,0,0,0,1,0,0,0,0,0,0,0,0,0,0,0,0,0,0,0
2020,6562,25460,1,170,203,65.4,182.3,72.4,7.9,107.3,62.3,62.5,25,28,0,0,0,0,0,0,0,0,0,0,0,0,0,0,1,0,0,0,0,0
2019,33041,17190,1,164,151,64.8,176.4,72.8,6.4,105.1,63.3,63.8,22,25,0,0,0,0,0,0,0,1,0,0,0,0,0,0,1,0,0,0,0,0
2019,34186,17280,1,164,151,64.8,176.4,72.8,6.4,105.1,63.3,63.8,22,25,0,0,0,0,0,0,0,0,0,0,0,0,0,0,1,0,0,0,0,0
2019,34245,17160,1,164,151,64.8,176.4,72.8,6.4,105.1,63.3,63.8,22,25,0,0,0,0,0,0,0,0,0,0,0,0,0,0,1,0,0,0,0,0
2019,25135,42320,1,316,295,69.9,194.9,84.3,9.4,117.5,65.6,65.6,19,26,0,0,0,0,0,0,0,0,0,1,0,0,0,0,1,0,0,0,0,0
2019,35406,33120,1,390,394,75.8,208.9,79.9,9.2,121.1,67.5,67.9,14,19,0,0,0,0,0,0,0,0,0,0,0,0,0,0,0,1,0,0,0,0
2019,32899,33550,1,390,394,75.8,208.9,79.9,9.2,121.1,67.5,67.9,14,19,0,0,0,0,0,0,0,0,0,0,0,0,0,0,0,1,0,0,0,0
2019,29826,27490,1,276,266,70.0,198.3,78.3,8.0,117.3,67.2,67.8,17,24,0,0,0,0,0,0,0,0,0,0,0,0,0,0,0,0,0,0,0,0
2019,27810,27720,1,276,266,70.0,198.3,78.3,8.0,117.3,67.2,67.8,17,24,0,0,0,0,0,0,0,0,0,0,0,0,0,0,0,0,0,0,0,0
2019,33765,27060,1,276,266,70.0,198.3,78.3,8.0,117.3,67.2,67.8,17,24,0,0,0,0,0,0,0,0,0,0,0,0,0,0,0,0,0,0,0,0
2019,31119,27620,1,276,266,70.0,198.3,78.3,8.0,117.3,67.2,67.8,17,24,0,0,0,0,0,0,0,0,0,0,0,0,0,0,0,0,0,0,0,0
2019,29161,27580,1,276,266,70.0,198.3,78.3,8.0,117.3,67.2,67.8,17,24,0,0,0,0,0,0,0,0,0,0,0,0,0,0,0,0,0,0,0,0
2019,31923,26980,1,276,266,70.0,198.3,78.3,8.0,117.3,67.2,67.8,17,24,0,0,0,0,0,0,0,0,0,0,0,0,0,0,0,0,0,0,0,0
2019,29604,27520,1,276,266,70.0,198.3,78.3,8.0,117.3,67.2,67.8,17,24,0,0,0,0,0,0,0,0,0,0,0,0,0,0,0,0,0,0,0,0
2019,26410,29070,1,276,266,70.0,198.3,78.3,8.0,117.3,67.2,67.8,17,24,0,0,0,0,0,0,0,0,0,0,0,0,0,0,0,0,0,0,0,0
2019,25987,29390,1,276,266,70.0,198.3,78.3,8.0,117.3,67.2,67.8,17,24,0,0,0,0,0,0,0,0,0,0,0,0,0,0,0,0,0,0,0,0
2017,32682,15050,1,138,148,65.3,168.4,69.9,6.2,100.6,60.6,60.6,25,33,0,0,0,0,0,0,0,0,0,0,0,0,0,0,0,0,0,0,0,0
2018,27512,15130,2,138,148,65.3,168.4,69.9,6.2,100.6,60.6,60.6,27,33,0,0,0,0,0,0,0,0,0,0,0,0,0,0,0,0,0,0,0,0
2018,29032,14930,2,138,148,65.3,168.4,69.9,6.2,100.6,60.6,60.6,27,33,0,0,0,0,0,0,0,1,0,0,0,0,0,0,0,0,0,0,0,0
2019,31790,13510,1,161,150,63.5,163.0,70.9,5.9,101.2,61.7,62.2,25,30,0,0,0,0,0,0,0,0,0,0,0,0,0,0,0,0,0,0,0,0
2019,31494,19380,1,185,178,66.5,189.0,74.4,7.3,109.4,64.3,64.7,22,29,0,0,0,0,0,0,0,0,0,1,0,0,0,0,0,0,0,0,0,0
2019,12024,26610,1,284,259,70.6,198.5,77.2,7.0,114.2,65.7,65.7,20,27,0,0,0,0,0,0,0,0,0,0,0,0,1,0,0,0,0,0,0,0
2019,35158,38480,1,375,470,76.4,221.9,93.4,9.8,131.6,67.6,67.2,17,23,0,0,0,0,0,0,0,0,0,0,0,0,0,0,0,1,0,0,0,0
2019,22799,21380,1,284,259,70.6,198.5,77.2,7.0,114.2,65.7,65.7,20,27,0,0,0,0,0,0,0,0,0,0,0,0,1,0,0,0,0,0,0,0
2019,29421,26790,1,310,266,69.9,204.3,89.3,7.7,120.9,67.3,67.0,18,26,0,0,0,0,0,0,0,1,0,0,0,0,0,0,0,0,0,0,0,0
2019,23150,33480,1,250,258,65.3,184.6,83.3,8.5,112.8,65.1,65.2,20,27,0,0,0,0,0,0,0,0,0,0,0,0,0,0,1,0,0,0,0,0
2019,22275,29030,1,295,260,69.3,189.8,84.8,8.6,114.7,63.9,64.1,18,25,0,0,0,0,0,0,0,0,0,0,0,0,0,1,0,0,0,0,0,0
2019,32452,31980,1,250,258,65.3,184.6,83.3,8.5,112.8,65.1,65.2,20,27,0,0,0,0,0,0,0,0,0,0,0,0,0,0,1,0,0,0,0,0
2018,32412,17580,2,175,174,59.0,189.1,81.3,5.9,108.3,62.2,62.8,25,34,0,0,0,1,0,0,0,0,0,0,0,0,0,0,1,0,0,0,0,0
2019,34264,35980,1,390,394,75.8,208.9,79.9,9.2,121.1,67.5,67.9,13,18,0,0,0,0,0,0,0,0,0,0,0,0,0,1,0,0,0,0,0,0
2019,39038,47480,2,375,470,76.4,210.0,93.4,9.8,122.5,67.6,67.2,17,22,0,0,0,0,0,0,0,0,0,0,0,0,0,1,0,0,0,0,0,0
2019,37733,46480,1,375,470,76.4,210.0,93.4,9.8,122.5,67.6,67.2,17,22,0,0,0,0,0,0,0,0,0,0,0,0,0,1,0,0,0,0,0,0
2018,23526,47430,1,300,300,67.0,193.8,85.4,8.3,115.5,64.6,67.2,18,24,0,0,0,0,0,0,0,0,1,0,0,0,0,0,1,0,0,0,0,0
2018,36645,17130,2,175,174,59.0,189.1,81.3,5.9,108.3,62.2,62.8,25,34,0,0,0,1,0,0,0,0,0,0,0,0,0,0,1,0,0,0,0,0
2018,37726,16890,2,175,174,59.0,189.1,81.3,5.9,108.3,62.2,62.8,25,34,0,0,0,1,0,0,0,0,0,1,0,0,1,0,1,0,0,0,0,0
2019,34173,34550,1,390,394,75.8,208.9,79.9,9.2,121.1,67.5,67.9,13,18,0,0,0,0,0,0,0,0,0,0,0,0,0,1,0,0,0,0,0,0
2019,32232,34560,1,390,394,75.8,208.9,79.9,9.2,121.1,67.5,67.9,13,18,0,0,0,0,0,0,0,0,0,0,0,0,0,1,0,0,0,0,0,0
2019,34511,34600,1,390,394,75.8,208.9,79.9,9.2,121.1,67.5,67.9,13,18,0,0,0,0,0,0,0,0,0,0,0,0,0,1,0,0,0,0,0,0
2019,33558,34920,1,390,394,75.8,208.9,79.9,9.2,121.1,67.5,67.9,13,18,0,0,0,0,0,0,0,0,0,0,0,0,0,1,0,0,0,0,0,0
2019,37032,33790,1,390,394,75.8,208.9,79.9,9.2,121.1,67.5,67.9,13,18,0,0,0,0,0,0,0,0,0,0,0,0,0,1,0,0,0,0,0,0
2019,34510,33610,1,390,394,75.8,208.9,79.9,9.2,121.1,67.5,67.9,14,19,0,0,0,0,0,0,0,0,0,0,0,0,0,0,0,1,0,0,0,0
2019,31865,44670,1,375,470,76.6,210.0,93.4,9.8,122.5,67.6,67.2,17,24,0,0,0,0,0,0,0,0,0,0,0,0,0,0,0,1,0,0,0,0
2019,30985,40470,1,355,383,74.4,204.0,80.5,7.9,116.0,68.7,68.7,15,22,0,0,0,0,0,0,0,1,0,0,0,0,0,0,0,1,0,0,0,0
2019,34087,40490,1,355,383,74.4,204.0,80.5,7.9,116.0,68.7,68.7,15,22,0,0,0,0,0,0,0,0,0,0,0,0,0,0,0,1,0,0,0,0
2019,37340,39680,1,355,383,74.4,204.0,80.5,7.9,116.0,68.7,68.7,15,22,0,0,0,0,0,0,0,0,0,0,0,0,0,0,0,1,0,0,0,0
2019,47928,38980,1,355,383,74.4,204.0,80.5,7.9,116.0,68.7,68.7,15,22,0,0,0,0,0,0,0,0,0,0,0,0,0,0,0,1,0,0,0,0
2018,19201,31340,1,280,306,66.0,184.6,74.9,8.1,111.0,63.5,65.0,22,28,0,0,0,0,0,0,1,0,0,0,0,0,0,0,1,0,0,0,0,0
2018,35536,33720,1,290,267,67.4,196.2,77.7,7.3,111.0,66.3,66.3,19,27,0,0,0,0,0,0,1,0,0,0,0,0,0,0,0,0,0,0,0,0
2019,28665,16560,1,174,184,58.5,191.9,72.2,5.4,110.4,62.1,61.0,25,36,0,0,0,1,0,0,0,0,0,1,0,0,0,0,0,0,0,0,0,0
2017,27213,15030,2,200,207,67.1,174.5,71.2,6.9,102.5,61.8,61.9,20,24,0,0,0,0,0,0,0,0,0,0,0,0,0,0,0,0,0,0,0,0
2019,33557,15910,1,148,145,64.8,171.9,71.3,8.5,105.1,60.6,60.6,23,29,0,0,0,0,0,1,0,0,0,0,0,0,0,0,1,0,0,0,0,0
2019,23938,42380,1,247,269,65.6,189.1,84.4,8.4,113.1,64.6,65.2,21,27,0,0,0,0,0,0,0,0,0,0,0,0,0,1,0,0,0,0,0,0
2019,49910,46280,1,420,460,74.4,224.4,80.5,7.9,130.0,68.7,68.7,14,23,0,0,0,0,0,0,0,0,0,0,0,0,0,0,0,1,0,0,0,0
2019,30281,16670,1,174,184,58.5,191.9,72.2,5.4,110.4,62.1,61.0,25,36,0,0,0,1,0,0,0,0,0,0,0,0,0,0,0,0,0,0,0,0
2019,33871,32000,1,250,258,65.3,184.6,83.3,8.5,112.8,65.1,65.2,20,27,0,0,0,0,0,0,0,0,0,0,0,0,0,0,1,0,0,0,0,0
2019,26288,39940,1,316,295,69.9,194.9,84.3,9.4,117.5,65.6,65.6,19,26,0,0,0,0,0,0,0,0,0,0,0,0,0,0,1,0,0,0,0,0
2017,42775,20360,1,325,267,62.7,186.8,71.0,6.9,113.4,60.4,61.0,17,24,0,0,0,0,0,1,0,0,0,0,0,0,0,0,0,1,0,0,0,0
2017,35562,25370,1,295,270,68.6,200.1,77.2,6.5,114.2,65.7,65.7,20,27,0,0,0,0,0,0,0,0,0,0,0,0,1,0,0,0,0,0,0,0
2017,44811,25570,1,295,270,68.6,200.1,77.2,6.5,114.2,65.7,65.7,20,27,0,0,0,0,0,0,0,0,0,1,0,0,1,0,0,0,0,0,0,0
2017,37129,20240,1,208,258,59.4,174.2,82.0,6.8,106.3,61.9,61.9,24,33,0,0,0,0,0,1,0,0,0,1,0,0,0,0,0,0,0,0,0,0
2017,22643,21720,1,325,267,62.7,186.8,71.0,6.9,113.4,60.4,61.0,17,24,0,0,0,0,0,0,0,0,0,0,0,0,0,0,0,1,0,0,0,0
2019,23247,21150,1,284,259,70.6,198.5,77.2,7.0,114.2,65.7,65.7,20,27,0,0,0,0,0,0,0,0,0,0,0,0,0,0,0,0,0,0,0,0
2019,24529,21250,1,284,259,70.6,198.5,77.2,7.0,114.2,65.7,65.7,20,27,0,0,0,0,0,0,0,0,0,0,0,0,0,0,0,0,0,0,0,0
2017,32312,25660,1,295,270,68.6,200.1,77.2,6.5,114.2,65.7,65.7,20,27,0,0,0,0,0,0,0,0,0,1,0,0,1,0,0,0,0,0,0,0
2015,74155,17250,1,98,105,58.7,176.4,68.7,5.3,106.3,60.0,59.8,51,48,0,1,0,0,0,0,0,1,0,0,0,0,0,0,0,0,0,0,0,1
2018,22856,28430,1,280,306,66.0,184.6,74.9,8.1,111.0,63.5,65.0,22,28,0,0,0,0,0,1,0,0,0,0,0,0,0,0,1,0,0,0,0,0
2019,37994,27010,1,295,260,69.3,189.8,84.8,8.6,114.7,63.9,64.1,18,25,0,0,0,0,0,0,0,0,0,0,0,0,0,1,0,0,0,0,0,0
2019,33693,32270,1,390,394,75.8,208.9,79.9,9.2,121.1,67.5,67.9,14,19,0,0,0,0,0,0,0,0,0,0,0,0,0,0,0,1,0,0,0,0
2017,19899,25200,1,208,258,60.0,173.9,79.6,5.3,106.3,60.9,60.8,23,31,0,0,0,0,0,0,0,0,0,0,0,0,0,0,1,0,0,0,0,0
2019,3082,34570,1,255,273,56.8,184.5,79.5,3.8,111.8,61.5,60.9,23,34,0,0,0,1,0,0,0,0,0,1,0,0,0,0,0,1,0,0,0,0
2019,8219,20280,1,134,214,57.2,168.1,70.8,5.0,103.5,60.8,59.5,126,111,0,1,0,0,0,0,0,0,0,0,0,0,0,0,0,0,0,1,0,0
2017,21995,12890,1,150,184,57.2,183.3,70.0,5.2,104.4,60.4,60.3,28,40,0,0,0,1,0,0,0,0,0,0,0,1,0,0,0,0,0,0,0,0
2016,32655,11790,1,109,210,63.0,163.0,70.9,5.9,101.2,62.0,62.4,120,92,0,0,0,0,0,1,0,1,0,0,0,0,0,0,0,0,0,1,0,0
2019,7057,33020,1,260,240,67.8,192.8,75.4,6.9,111.2,64.6,64.6,20,28,0,0,0,0,0,0,0,0,0,0,0,0,0,0,1,0,0,0,0,0
2016,45317,14630,2,170,175,67.5,182.3,72.4,7.4,106.5,62.8,62.8,26,33,0,0,0,0,0,0,0,0,0,1,0,0,1,0,0,0,0,0,0,0
2019,28025,20480,1,208,258,59.5,174.2,82.0,6.8,106.3,61.9,61.9,24,33,0,0,0,0,0,1,0,0,0,1,0,0,0,0,0,0,0,0,0,0
2019,27181,22440,1,187,186,66.1,179.1,83.3,7.5,106.2,62.8,62.8,24,30,0,0,0,0,0,0,0,0,0,0,0,0,1,0,1,0,0,0,0,0
2019,38928,17290,1,164,151,64.8,176.4,72.8,6.4,105.1,63.3,63.8,22,25,0,0,0,0,0,0,0,1,0,0,0,0,1,0,1,0,0,0,0,0
2019,34548,21970,1,287,262,69.9,203.8,90.4,5.1,121.6,68.3,68.3,18,28,0,0,0,0,1,0,0,0,0,0,0,0,1,0,0,0,0,0,0,0
2019,37134,21340,2,287,262,69.9,203.8,90.4,5.1,121.6,68.3,68.3,18,28,0,0,0,0,1,0,0,0,0,0,0,0,0,0,0,0,0,0,0,0
2019,14107,56330,1,420,460,74.0,224.3,80.5,8.0,130.0,68.7,68.7,14,23,0,0,0,0,0,0,0,0,0,0,0,0,1,0,0,1,0,0,0,0
2019,32464,19980,1,208,258,59.5,174.2,82.0,6.8,106.3,61.9,61.9,24,33,0,0,0,0,0,0,0,0,0,1,0,0,0,0,0,0,0,0,0,0
2017,16368,14500,1,138,148,64.8,167.6,69.9,6.2,100.6,60.6,60.6,25,33,0,0,0,0,0,1,0,0,0,0,0,0,0,0,0,0,0,0,0,0
2019,31916,26380,1,250,310,69.0,199.4,77.5,8.8,115.3,65.3,65.2,20,26,0,0,0,0,0,0,0,0,0,1,0,0,0,0,1,0,0,0,0,0
2019,21419,34660,1,290,267,67.4,196.2,77.7,7.3,111.0,66.3,66.3,20,27,0,0,0,0,0,0,0,0,0,0,0,0,1,0,0,0,0,0,0,0
2019,35731,21560,1,287,262,69.9,203.8,90.4,5.1,121.6,68.3,68.3,18,28,0,0,0,0,1,0,0,0,0,0,0,0,0,0,0,0,0,0,0,0
2017,34347,33510,1,290,267,67.4,196.2,77.7,7.3,111.0,66.3,66.3,19,27,0,0,0,0,0,0,0,0,0,0,0,0,0,0,0,0,0,0,0,0
2020,15593,21730,1,185,178,66.1,187.8,74.4,7.3,108.9,64.7,65.0,21,27,0,0,0,0,0,0,0,1,0,0,0,0,0,0,1,0,0,0,0,0
2019,28894,16740,1,283,260,69.0,203.7,88.5,5.8,121.2,65.6,64.8,12,18,0,0,0,0,1,0,0,0,0,0,0,0,0,0,0,0,0,0,1,0
2020,19367,20580,1,185,178,66.1,187.8,74.4,7.3,108.9,64.7,65.0,22,29,0,0,0,0,0,0,0,0,0,0,0,0,0,0,0,0,0,0,0,0
2017,17008,15620,1,138,148,65.3,168.4,69.9,6.2,100.6,60.6,60.6,25,33,0,0,0,0,0,0,0,0,0,0,0,0,0,0,0,0,0,0,0,0
2018,19390,19380,1,170,203,65.4,182.3,72.4,6.9,107.3,62.3,62.5,26,30,0,0,0,0,0,0,0,0,0,0,0,0,0,0,0,0,0,0,0,0
2017,18282,32030,1,310,271,66.0,193.6,75.4,7.2,112.5,64.5,64.5,18,25,0,0,0,0,0,0,0,0,0,0,0,0,0,0,1,0,0,0,0,0
2017,33300,21640,1,208,258,58.1,174.2,82.0,6.1,106.3,62.0,62.0,24,33,0,0,0,0,0,0,0,0,0,0,0,0,0,0,0,0,0,0,0,0
2017,41565,19190,1,208,258,59.4,174.2,82.0,6.8,106.3,61.9,61.9,24,33,0,0,0,0,0,0,0,0,0,1,0,0,0,0,0,0,0,0,0,0
2018,18666,27680,1,295,270,68.6,200.6,77.2,6.5,114.2,65.7,65.7,20,27,0,0,0,0,0,0,0,0,0,0,0,0,0,0,0,0,0,0,0,0
2018,22765,28800,1,280,306,66.0,184.6,74.9,8.1,111.0,63.5,65.0,22,28,0,0,0,0,0,1,0,0,0,0,0,0,0,0,1,0,0,0,0,0
2018,20548,25230,1,280,306,66.0,184.6,74.9,8.1,111.0,63.5,65.0,22,28,0,0,0,0,0,1,1,0,0,0,0,0,0,0,1,0,0,0,0,0
2019,35671,15740,1,174,184,58.5,191.9,72.2,5.4,110.4,62.1,61.0,25,36,0,0,0,1,0,0,0,0,0,0,0,0,0,0,0,0,0,0,0,0
2019,29011,26290,1,310,266,69.9,204.3,89.3,7.7,120.9,67.3,67.0,18,26,0,0,0,0,0,0,0,0,0,1,0,0,0,0,0,0,0,0,0,0
2019,30390,26050,1,310,266,69.9,204.3,89.3,7.7,120.9,67.3,67.0,18,26,0,0,0,0,0,0,0,0,0,1,0,0,0,0,0,0,0,0,0,0
2019,40464,24700,1,310,266,69.9,204.3,89.3,7.7,120.9,67.3,67.0,18,26,0,0,0,0,0,0,0,0,0,0,0,0,0,0,0,0,0,0,0,0
2019,27899,14960,1,152,184,66.5,173.4,71.1,8.5,105.1,60.6,60.6,25,28,0,0,0,0,0,1,0,0,0,0,0,0,1,0,1,0,0,0,0,0
2017,28446,17760,1,293,255,57.9,193.7,73.2,5.4,112.0,63.2,63.3,20,28,0,0,0,1,0,0,0,0,0,1,0,0,0,0,0,0,0,0,0,0
2019,26591,25960,1,310,266,69.9,204.3,89.3,7.7,120.9,67.3,67.0,18,26,0,0,0,0,0,0,0,1,0,0,0,0,0,0,0,0,0,0,0,0
2019,29429,25190,1,310,266,69.9,204.3,89.3,7.7,120.9,67.3,67.0,18,26,0,0,0,0,0,0,0,0,0,0,0,0,0,0,0,0,0,0,0,0
2019,30982,39300,1,375,470,76.4,221.9,93.4,9.8,131.6,67.6,67.2,17,23,0,0,0,0,0,0,0,0,0,0,0,0,0,0,0,1,0,0,0,0
2019,29787,25400,1,310,266,69.9,204.3,89.3,7.7,120.9,67.3,67.0,18,26,0,0,0,0,0,0,0,1,0,0,0,0,0,0,0,0,0,0,0,0
2019,31273,27550,1,295,260,69.3,189.8,84.8,8.6,114.7,63.9,64.1,18,25,0,0,0,0,0,0,0,0,0,0,0,0,0,1,0,0,0,0,0,0
2019,45759,20280,1,287,262,69.9,203.8,90.4,5.1,121.6,68.3,68.3,18,28,0,0,0,0,1,0,0,0,0,0,0,0,0,0,0,0,0,0,0,0
2018,34856,18010,1,170,203,65.4,182.3,72.4,6.9,107.3,62.3,62.5,26,30,0,0,0,0,0,0,0,0,0,0,0,0,0,0,0,0,0,0,0,0
2018,43758,24520,1,287,262,69.9,203.8,90.4,5.1,121.6,68.3,68.3,18,28,0,0,0,0,1,0,0,0,0,0,0,0,0,0,0,0,0,0,0,0
2019,37136,27200,1,295,260,69.3,189.8,84.8,8.6,114.7,63.9,64.1,18,25,0,0,0,0,0,0,0,0,0,0,0,0,0,1,0,0,0,0,0,0
2019,31072,15860,1,174,184,58.5,191.9,72.2,5.4,110.4,62.1,61.0,25,36,0,0,0,1,0,0,0,0,0,1,0,0,0,0,0,0,0,0,0,0
2019,31930,38570,1,375,470,76.2,221.9,93.4,9.7,131.6,67.6,67.2,16,21,0,0,0,0,0,0,0,0,0,1,0,0,0,1,0,0,0,0,0,0
2019,33766,16520,1,283,260,69.0,203.7,88.5,5.8,121.2,65.6,64.8,12,18,0,0,0,0,1,0,0,0,0,0,0,0,0,0,0,0,0,0,1,0
2019,35119,34640,1,375,470,76.4,221.9,93.4,9.8,131.6,67.6,67.2,17,23,0,0,0,0,0,0,0,0,0,0,0,0,0,0,0,1,0,0,0,0
2019,35631,35270,1,375,470,76.4,221.9,93.4,9.8,131.6,67.6,67.2,17,23,0,0,0,0,0,0,0,0,0,0,0,0,0,0,0,1,0,0,0,0
2019,33580,34940,1,375,470,76.4,221.9,93.4,9.8,131.6,67.6,67.2,17,23,0,0,0,0,0,0,0,0,0,0,0,0,0,0,0,1,0,0,0,0
2019,31599,34980,1,375,470,76.4,221.9,93.4,9.8,131.6,67.6,67.2,17,23,0,0,0,0,0,0,0,0,0,0,0,0,0,0,0,1,0,0,0,0
2019,33590,35290,1,375,470,76.4,221.9,93.4,9.8,131.6,67.6,67.2,17,23,0,0,0,0,0,0,0,0,0,0,0,0,0,0,0,1,0,0,0,0
2019,32103,35350,1,375,470,76.4,221.9,93.4,9.8,131.6,67.6,67.2,17,23,0,0,0,0,0,0,0,0,0,0,0,0,0,0,0,1,0,0,0,0
2019,32863,35910,1,375,470,76.4,221.9,93.4,9.8,131.6,67.6,67.2,17,23,0,0,0,0,0,0,0,0,0,0,0,0,0,0,0,1,0,0,0,0
2019,32645,35230,1,375,470,76.4,221.9,93.4,9.8,131.6,67.6,67.2,17,23,0,0,0,0,0,0,0,0,0,0,0,0,0,0,0,1,0,0,0,0
2019,31777,37240,1,375,470,76.4,221.9,93.4,9.8,131.6,67.6,67.2,17,23,0,0,0,0,0,0,0,0,0,0,0,0,0,0,0,1,0,0,0,0
2019,44616,15820,1,283,260,69.0,203.7,88.5,5.8,121.2,65.6,64.8,12,18,0,0,0,0,1,0,0,0,0,0,0,0,0,0,0,0,0,0,1,0
2019,29360,16910,1,283,260,69.0,203.7,88.5,5.8,121.2,65.6,64.8,12,18,0,0,0,0,1,0,0,0,0,0,0,0,0,0,0,0,0,0,1,0
2018,11166,25330,1,187,186,66.2,179.1,72.5,7.5,106.2,62.8,62.8,25,31,0,0,0,0,0,0,0,0,0,1,0,0,0,0,0,0,0,0,0,0
2019,3589,19200,1,138,148,65.3,168.4,70.1,6.2,100.6,60.7,60.6,25,30,0,0,0,0,0,0,0,1,0,0,0,0,0,0,0,0,0,0,0,0
2020,6323,32900,1,295,270,68.6,200.6,77.2,6.5,114.2,65.7,65.7,20,27,0,0,0,0,0,0,0,0,0,0,0,0,0,0,0,0,0,0,0,0
2019,44007,32840,2,270,278,71.5,190.2,75.8,9.0,109.8,63.2,63.2,17,21,0,0,0,0,0,0,0,0,0,0,0,0,0,0,0,1,0,0,0,0
2019,37399,32400,1,365,350,71.0,198.3,90.2,8.3,112.8,67.0,67.0,16,22,0,0,0,0,0,0,0,0,0,0,0,0,0,1,0,0,0,0,0,0
2019,30514,18250,2,170,175,68.5,184.5,72.4,8.4,106.5,62.8,62.8,25,32,0,0,0,0,0,1,0,0,0,0,0,0,0,0,1,0,0,0,0,0
2019,18417,27480,1,188,221,56.9,179.1,78.4,4.3,107.4,61.7,60.9,24,35,0,0,0,1,0,0,0,0,0,0,0,0,0,0,0,0,0,0,0,0
2018,26317,24980,1,176,172,67.1,183.5,72.6,6.5,104.7,61.4,61.4,22,28,0,0,0,0,0,0,0,0,0,0,0,0,0,0,1,0,0,0,0,0
2018,31596,17450,2,175,174,59.0,189.1,81.3,5.9,108.3,62.2,62.8,25,34,0,0,0,1,0,0,0,0,0,1,0,0,0,0,1,0,0,0,0,0
2017,35656,25570,1,295,270,68.6,200.1,77.2,6.5,114.2,65.7,65.7,20,27,0,0,0,0,0,0,0,0,0,1,0,0,1,0,0,0,0,0,0,0
2017,16804,13270,1,150,184,57.2,183.3,70.0,5.2,104.4,60.4,60.3,28,38,0,0,0,1,0,0,0,0,0,0,0,0,0,0,0,0,0,0,0,0
2017,9455,50630,1,345,369,66.1,197.0,85.0,9.7,118.3,64.0,66.0,14,20,0,0,0,0,0,0,0,0,0,0,0,0,0,0,1,0,0,0,0,0
2019,35106,25900,1,250,310,69.0,199.4,77.5,8.8,115.3,65.3,65.2,20,26,0,0,0,0,0,0,0,0,0,0,0,0,1,0,1,0,0,0,0,0
2019,32344,31640,1,250,258,65.3,184.6,83.3,8.5,112.8,65.1,65.2,20,27,0,0,0,0,0,0,0,0,0,0,0,0,1,0,1,0,0,0,0,0
2019,30158,26550,1,295,270,68.6,200.6,77.2,6.5,114.2,65.7,65.7,20,27,0,0,0,0,0,0,0,0,0,0,0,0,1,0,0,0,0,0,0,0
2019,25418,46850,1,355,383,74.4,224.4,80.5,7.9,130.0,68.7,68.7,14,21,0,0,0,0,0,0,0,0,0,1,0,0,0,1,0,0,0,0,0,0
2017,21605,21210,1,193,188,66.0,193.6,75.4,7.2,112.5,64.5,64.5,21,26,0,0,0,0,0,0,0,0,0,0,0,0,0,0,0,0,0,0,0,0
2018,21078,28530,1,280,306,66.0,184.6,74.9,8.1,111.0,63.5,65.0,22,28,0,0,0,0,0,1,0,0,0,0,0,0,0,0,1,0,0,0,0,0
2018,9287,25320,1,280,306,66.0,184.6,74.9,8.1,111.0,63.5,65.0,22,28,0,0,0,0,0,0,0,0,0,0,0,0,0,0,1,0,0,0,0,0
2019,29766,25730,1,310,266,69.9,204.3,89.3,7.7,120.9,67.3,67.0,18,26,0,0,0,0,0,0,0,0,0,1,0,0,0,0,0,0,0,0,0,0
2018,34038,17010,2,175,174,59.0,189.1,81.3,5.9,108.3,62.2,62.8,25,34,0,0,0,1,0,0,0,0,0,0,0,0,0,0,1,0,0,0,0,0
2019,10609,26100,1,175,174,66.1,189.9,81.3,8.7,108.1,61.8,62.2,25,32,0,0,0,0,0,0,0,0,0,1,0,0,1,0,1,0,0,0,0,0
2017,33093,19730,3,245,275,68.6,188.1,85.8,7.9,112.2,64.8,64.7,20,29,0,0,0,0,0,0,0,0,0,0,0,0,0,0,0,0,0,0,0,0
2018,22893,39010,1,360,390,69.3,189.8,84.8,10.4,114.8,63.9,64.1,14,22,0,0,0,0,0,0,0,0,0,0,0,0,0,1,0,0,0,0,0,0
2018,29473,24450,1,295,260,69.3,189.8,84.8,8.6,114.8,63.9,64.1,19,26,0,0,0,0,0,0,0,0,0,0,0,0,0,0,0,1,0,0,0,0
2018,45180,27360,1,295,260,69.3,189.8,84.8,8.6,114.8,63.9,64.1,18,25,0,0,0,0,0,0,0,0,0,0,0,0,0,1,0,0,0,0,0,0
2017,6119,19700,1,131,139,73.7,186.3,68.1,6.5,115.2,60.0,59.8,24,26,0,0,0,0,1,0,0,1,0,0,0,0,1,0,0,0,0,0,0,0
2017,38660,26610,1,290,252,66.5,193.1,74.2,7.3,110.2,64.1,64.5,17,22,0,0,0,0,0,0,0,1,0,0,0,0,0,0,1,0,0,0,0,0
2019,5188,38130,1,270,278,71.5,190.2,75.8,9.6,109.8,63.2,63.2,17,20,0,0,0,0,0,0,0,0,0,0,0,0,0,1,0,0,0,0,0,0
2019,35468,23900,1,275,260,82.4,237.6,97.4,6.0,147.6,68.2,68.6,14,18,0,0,0,0,1,0,0,1,0,0,0,0,0,0,0,1,0,0,0,0
2019,27882,22770,1,292,260,59.2,198.6,75.0,4.8,120.2,63.4,63.8,18,27,0,0,0,1,0,0,0,0,0,0,0,0,0,0,1,0,0,0,0,0
2018,14576,21280,1,141,127,63.2,169.1,69.8,6.7,102.8,60.4,60.6,28,34,0,0,0,0,0,1,0,0,0,0,0,0,0,0,0,0,0,0,0,0
2012,88114,30200,2,411,434,76.4,231.7,97.0,9.0,144.4,67.0,67.0,12,16,0,0,1,0,0,0,0,0,0,0,0,0,0,1,0,0,0,0,0,0
2019,6850,19980,1,134,214,57.2,168.1,70.8,5.0,103.5,60.8,59.5,126,111,0,1,0,0,0,0,0,0,0,0,0,0,0,0,0,0,0,1,0,0
2013,41259,18040,2,176,172,67.1,179.9,72.6,6.3,104.7,61.4,61.4,24,31,0,0,0,0,0,0,0,1,0,0,0,0,0,0,0,0,0,0,0,0
2019,6294,18240,1,147,132,56.5,182.7,70.9,5.3,106.3,61.0,61.3,30,40,0,0,0,1,0,0,0,0,0,0,0,0,0,0,0,0,0,0,0,0
2019,34513,28510,1,276,266,70.0,198.3,78.3,8.0,117.3,67.2,67.8,17,23,0,0,0,0,0,0,0,0,0,0,0,0,0,0,1,0,0,0,0,0
2019,27772,21350,1,170,203,65.4,182.3,72.4,7.9,107.3,62.3,62.5,26,30,0,0,0,0,0,0,0,1,0,0,0,0,0,0,0,0,0,0,0,0
2016,88996,23920,1,270,248,70.1,191.1,75.8,8.0,109.8,64.4,64.2,18,24,0,0,0,0,0,0,0,0,0,1,0,0,0,0,1,0,0,0,0,0
2019,3607,22360,1,179,177,66.3,178.1,81.8,7.9,105.9,61.5,61.6,22,28,0,0,0,0,0,0,0,0,0,0,0,0,0,1,0,0,0,0,0,0
2016,9830,21050,1,240,258,58.4,185.6,73.4,5.4,112.4,62.1,62.0,25,37,0,0,0,1,0,0,0,0,0,0,0,0,0,0,0,0,0,0,0,0
2019,17018,36010,1,248,258,66.0,185.9,84.2,8.0,112.8,63.8,64.4,23,30,0,0,0,0,0,0,0,0,0,0,0,0,0,0,0,1,0,0,0,0
2019,32697,16000,1,152,145,57.3,182.1,79.4,5.1,105.1,60.6,60.8,28,38,0,0,0,1,0,0,0,0,0,0,1,0,0,0,1,0,0,0,0,0
2015,49737,12710,1,182,172,66.3,187.8,72.5,6.9,112.5,62.9,62.1,22,32,0,0,0,0,0,0,0,0,0,0,0,0,0,0,0,0,0,0,0,0
2019,17603,33980,1,248,258,54.7,182.7,79.4,5.1,110.6,60.8,62.7,24,34,0,0,0,1,0,0,1,0,0,0,0,0,0,0,0,1,0,0,0,0
2019,27491,31520,1,250,310,69.0,199.4,77.5,8.8,115.3,65.3,65.2,22,28,0,0,0,0,0,0,0,0,0,0,0,0,0,0,0,0,0,0,0,0
2019,21325,33640,2,246,269,64.9,173.0,82.2,6.4,105.6,63.1,62.7,21,28,0,0,0,0,0,0,0,0,0,0,0,0,0,0,1,0,0,0,0,0
2019,32027,16160,2,185,178,58.1,191.1,73.4,5.3,110.4,63.5,63.8,26,35,0,0,0,1,0,0,0,0,0,0,0,0,0,0,0,0,0,0,0,0
2015,36133,18910,1,176,172,67.1,179.9,72.6,6.3,104.7,61.8,61.8,22,29,0,0,0,0,0,0,0,1,0,0,0,0,0,0,1,0,0,0,0,0
2019,16810,26100,1,193,188,66.0,193.6,75.4,7.2,112.5,64.5,64.5,21,26,0,0,0,0,0,0,0,1,0,0,0,0,0,0,0,0,0,0,0,0
2019,21227,15940,1,147,132,56.5,182.7,70.9,5.3,106.3,61.0,61.3,30,40,0,0,0,1,0,0,0,0,0,0,0,0,0,0,0,0,0,0,0,0
2020,8173,34300,1,235,260,67.1,187.8,74.4,7.3,108.9,64.5,64.8,20,27,0,0,0,0,0,0,0,1,0,0,0,0,0,0,0,0,0,0,0,0
2019,16602,18110,1,283,260,69.0,203.7,88.5,5.8,121.2,65.6,64.8,12,18,0,0,0,0,1,0,0,0,0,0,0,0,0,0,0,0,0,0,1,0
2019,15354,18250,1,283,260,69.0,203.7,88.5,5.8,121.2,65.6,64.8,12,18,0,0,0,0,1,0,0,0,0,0,0,0,0,0,0,0,0,0,1,0
2019,15744,18200,1,283,260,69.0,203.7,88.5,5.8,121.2,65.6,64.8,12,18,0,0,0,0,1,0,0,0,0,0,0,0,0,0,0,0,0,0,1,0
2019,14391,18340,1,283,260,69.0,203.7,88.5,5.8,121.2,65.6,64.8,12,18,0,0,0,0,1,0,0,0,0,0,0,0,0,0,0,0,0,0,1,0
2019,34739,16700,1,283,260,69.0,203.7,88.5,5.8,121.2,65.6,64.8,12,18,0,0,0,0,1,0,0,0,0,0,0,0,0,0,0,0,0,0,1,0
2019,31119,16460,1,283,260,69.0,203.7,88.5,5.8,121.2,65.6,64.8,12,18,0,0,0,0,1,0,0,0,0,0,0,0,0,0,0,0,0,0,1,0
2019,32197,16360,1,283,260,69.0,203.7,88.5,5.8,121.2,65.6,64.8,12,18,0,0,0,0,1,0,0,0,0,0,0,0,0,0,0,0,0,0,1,0
2019,13283,18960,1,283,260,69.0,203.7,88.5,5.8,121.2,65.6,64.8,12,18,0,0,0,0,1,0,0,0,0,0,0,0,0,0,0,0,0,0,1,0
2019,31261,16800,1,283,260,69.0,203.7,88.5,5.8,121.2,65.6,64.8,12,18,0,0,0,0,1,0,0,0,0,0,0,0,0,0,0,0,0,0,1,0
2019,35793,31860,1,276,266,70.0,198.3,78.3,8.0,117.3,67.2,67.8,17,23,0,0,0,0,0,0,0,0,0,0,0,0,0,0,1,0,0,0,0,0
2019,31759,32340,1,276,266,70.0,198.3,78.3,8.0,117.3,67.2,67.8,17,23,0,0,0,0,0,0,0,0,0,0,0,0,0,0,1,0,0,0,0,0
2019,33332,31860,1,276,266,70.0,198.3,78.3,8.0,117.3,67.2,67.8,17,23,0,0,0,0,0,0,0,0,0,0,0,0,0,0,1,0,0,0,0,0
2017,33963,28020,1,280,262,69.8,194.5,78.6,7.3,111.0,66.3,66.3,19,27,0,0,0,0,0,0,0,1,0,0,0,0,0,0,0,0,0,0,0,0
2019,42712,20380,2,290,252,66.5,189.0,74.4,7.3,109.4,64.3,64.7,19,24,0,0,0,0,0,0,0,0,0,0,0,0,0,0,1,0,0,0,0,0
2019,32165,23560,3,184,221,66.3,185.1,72.4,7.9,109.8,62.2,61.8,22,29,0,0,0,0,0,0,0,0,0,0,0,0,0,0,0,0,0,0,0,0
2019,35697,27940,1,290,255,70.0,198.3,90.2,7.8,112.8,67.0,67.0,17,24,0,0,0,0,0,0,0,0,0,0,0,0,0,0,0,0,0,0,0,0
2019,33057,39210,1,316,295,69.9,194.9,84.3,9.4,117.5,65.6,65.6,19,26,0,0,0,0,0,0,0,0,0,1,0,0,0,0,1,0,0,0,0,0
2019,40826,27940,1,276,266,70.0,198.3,78.3,8.0,117.3,67.2,67.8,17,23,0,0,0,0,0,0,0,0,0,0,0,0,0,0,1,0,0,0,0,0
2019,31630,18570,1,180,175,64.8,173.0,80.0,8.2,103.8,60.7,60.3,22,31,0,0,0,0,0,0,0,0,0,0,0,0,0,0,0,0,0,0,0,0
2019,28799,26870,1,310,266,69.9,204.3,89.3,7.7,120.9,67.3,67.0,18,26,0,0,0,0,0,0,0,0,0,0,0,0,0,0,0,0,0,0,0,0
2019,10414,38280,1,290,267,67.4,196.2,77.7,7.3,111.0,66.3,66.3,20,27,0,0,0,0,0,0,0,0,0,0,0,0,0,0,0,0,0,0,0,0
2017,81719,15930,2,290,252,66.5,187.4,74.4,7.3,109.4,64.3,64.7,18,25,0,0,0,0,0,0,0,0,0,0,0,0,0,0,0,0,0,0,0,0
2019,15217,17760,1,164,151,64.8,176.4,72.8,6.4,105.1,63.3,63.8,23,30,0,0,0,0,0,0,0,1,0,0,0,0,0,0,0,0,0,0,0,0
2019,16322,17650,1,164,151,64.8,176.4,72.8,6.4,105.1,63.3,63.8,23,30,0,0,0,0,0,0,0,1,0,0,0,0,0,0,0,0,0,0,0,0
2019,16241,17650,1,164,151,64.8,176.4,72.8,6.4,105.1,63.3,63.8,23,30,0,0,0,0,0,0,0,0,0,1,0,0,0,0,0,0,0,0,0,0
2019,17660,17530,1,164,151,64.8,176.4,72.8,6.4,105.1,63.3,63.8,23,30,0,0,0,0,0,0,0,1,0,0,0,0,0,0,0,0,0,0,0,0
2019,16513,17810,1,164,151,64.8,176.4,72.8,6.4,105.1,63.3,63.8,23,30,0,0,0,0,0,0,0,1,0,0,0,0,0,0,0,0,0,0,0,0
2019,15570,16890,1,147,132,61.0,164.0,70.9,6.7,102.4,62.0,62.4,27,33,0,0,0,0,0,0,0,0,0,0,0,0,0,0,0,0,0,0,0,0
2019,14460,16890,1,147,132,61.0,164.0,70.9,6.7,102.4,62.0,62.4,27,33,0,0,0,0,0,0,0,1,0,0,0,0,0,0,0,0,0,0,0,0
2019,16124,16960,1,147,132,61.0,164.0,70.9,6.7,102.4,62.0,62.4,27,33,0,0,0,0,0,0,0,0,0,0,0,0,0,0,0,0,0,0,0,0
2019,14838,17060,1,147,132,61.0,164.0,70.9,6.7,102.4,62.0,62.4,27,33,0,0,0,0,0,0,0,0,0,0,0,0,0,0,0,0,0,0,0,0
2018,17965,46040,1,355,383,74.4,203.9,80.5,8.0,116.0,68.7,68.7,16,22,0,0,0,0,0,0,0,0,0,1,0,0,0,1,0,0,0,0,0,0
2018,36843,28690,1,296,295,65.0,186.3,85.6,8.4,113.1,64.6,65.1,22,27,0,0,0,0,0,0,0,0,0,0,0,0,0,0,1,0,0,0,0,0
2017,44859,25450,1,250,310,69.0,199.4,77.5,8.8,115.3,65.3,65.2,22,28,0,0,0,0,0,0,0,0,0,0,0,0,0,0,0,0,0,0,0,0
2019,16344,35380,1,295,270,68.6,200.6,77.2,6.5,114.2,65.7,65.7,20,27,0,0,0,0,0,0,0,0,0,0,0,0,1,0,0,0,0,0,0,0
2018,7439,26320,1,190,179,66.1,180.6,73.0,7.8,104.7,63.0,63.7,28,34,0,0,0,0,0,0,0,1,0,0,0,0,0,0,0,0,0,0,0,0
2015,46539,21610,1,265,248,68.6,196.4,77.2,6.5,114.2,68.9,65.7,21,27,0,0,0,0,0,0,0,0,0,0,0,0,1,0,0,0,0,0,0,0
2019,20630,39720,1,290,267,67.4,196.2,77.7,7.3,111.0,66.3,66.3,20,27,0,0,0,0,0,0,0,0,0,0,0,0,0,0,0,0,0,0,0,0
2017,48916,42490,1,340,332,73.5,195.6,87.4,11.1,115.0,66.6,66.4,16,21,0,0,0,0,0,0,1,0,0,0,0,0,0,1,0,0,0,0,0,0
2019,37828,33150,1,390,394,75.8,208.9,79.9,9.2,121.1,67.5,67.9,14,19,0,0,0,0,0,0,0,0,0,0,0,0,0,0,0,1,0,0,0,0
2019,35047,33520,1,390,394,75.8,208.9,79.9,9.2,121.1,67.5,67.9,14,19,0,0,0,0,0,0,0,0,0,0,0,0,0,0,0,1,0,0,0,0
2019,30747,40320,1,355,383,74.4,204.0,80.5,7.9,116.0,68.7,68.7,15,22,0,0,0,0,0,0,0,0,0,0,0,0,0,0,0,1,0,0,0,0
2019,39199,39890,1,355,383,74.4,204.0,80.5,7.9,116.0,68.7,68.7,15,22,0,0,0,0,0,0,0,0,0,0,0,0,0,0,0,1,0,0,0,0
2019,8894,49310,2,290,267,67.4,196.2,77.7,7.3,111.0,66.3,66.3,19,26,0,0,0,0,0,0,1,0,0,0,0,0,0,0,1,0,0,0,0,0
2017,33553,22670,1,303,278,66.2,190.0,86.1,7.8,112.2,64.8,64.7,17,25,0,0,0,0,0,0,0,0,0,0,0,0,0,0,0,0,0,0,0,0
2019,28826,28820,1,208,258,58.8,173.9,79.6,5.3,106.3,61.4,60.8,23,31,0,0,0,0,0,0,0,0,0,0,0,0,0,0,1,0,0,0,0,0
2019,22365,39400,1,340,332,73.0,195.7,87.4,8.7,115.0,66.5,66.4,16,21,0,0,0,0,0,0,0,0,0,0,0,0,0,1,0,0,0,0,0,0
2019,17768,17310,1,164,151,64.8,176.4,72.8,6.4,105.1,63.3,63.8,23,30,0,0,0,0,0,0,0,1,0,0,0,0,0,0,0,0,0,0,0,0
2019,19110,17390,1,164,151,64.8,176.4,72.8,6.4,105.1,63.3,63.8,23,30,0,0,0,0,0,0,0,1,0,0,0,0,0,0,0,0,0,0,0,0
2019,31270,14600,1,161,150,57.7,170.9,70.7,5.9,104.3,61.1,61.5,25,32,0,1,0,0,0,0,0,0,0,0,0,0,0,0,0,0,0,0,0,0
2016,26578,32500,1,270,248,70.1,191.1,75.8,8.0,109.8,64.4,64.2,18,24,0,0,0,0,0,0,0,0,0,0,0,0,0,0,1,0,0,0,0,0
2018,13902,28150,2,276,266,70.0,198.3,78.3,8.0,117.3,67.2,67.8,18,25,0,0,0,0,0,0,0,0,0,1,0,0,0,0,0,0,0,0,0,0
2019,10918,19780,1,118,218,57.1,176.0,71.7,5.5,106.3,61.2,61.8,150,122,0,1,0,0,0,0,0,0,0,0,0,0,0,0,0,0,0,1,0,0
2018,13277,41810,1,295,267,67.7,192.5,74.6,8.2,109.8,64.4,64.0,19,26,0,0,0,0,0,0,0,0,0,0,0,0,0,0,1,0,0,0,0,0
2019,25064,14490,1,147,184,57.4,185.1,70.8,5.6,105.7,60.7,60.4,30,40,0,0,0,1,0,0,0,0,0,0,0,0,0,0,0,0,0,0,0,0
